date,close,volume,amount,pe_ttm,pb,dividend_yield
2010-01-04,3535.23,66101080.0,93419838921.0,,,
2010-01-05,3564.04,85809641.0,128302442618.0,,,
2010-01-06,3541.73,78473125.0,121045989916.0,,,
2010-01-07,3471.46,80350037.0,120436166283.0,,,
2010-01-08,3480.13,60790253.0,90190959969.0,,,
2010-01-11,3482.05,89980172.0,134114001104.0,,,
2010-01-12,3534.92,93743278.0,134071416354.0,,,
2010-01-13,3421.14,112457901.0,159860384574.0,,,
2010-01-14,3469.05,83353252.0,118107870086.0,,,
2010-01-15,3482.74,72543102.0,104035175785.0,,,
2010-01-18,3500.68,82854307.0,117884258544.0,,,
2010-01-19,3507.48,74883232.0,108023525533.0,,,
2010-01-20,3394.43,92495146.0,128416164613.0,,,
2010-01-21,3408.57,70595068.0,100076607006.0,,,
2010-01-22,3366.2,88933404.0,119197815814.0,,,
2010-01-25,3328.01,56849171.0,76626626843.0,,,
2010-01-26,3242.8,61752231.0,81586059213.0,,,
2010-01-27,3198.57,52691394.0,70540273182.0,,,
2010-01-28,3206.57,46990716.0,64082115658.0,,,
2010-01-29,3204.16,50262613.0,68018118702.0,,,
2010-02-01,3152.71,57001380.0,75982150475.0,,,
2010-02-02,3146.19,50130033.0,68318412373.0,,,
2010-02-03,3230.72,64798894.0,87536249983.0,,,
2010-02-04,3218.8,58972726.0,75466552963.0,,,
2010-02-05,3153.09,59105845.0,73693132366.0,,,
2010-02-08,3150.99,37355951.0,47902429250.0,,,
2010-02-09,3169.19,35953158.0,45222660374.0,,,
2010-02-10,3214.13,34219894.0,48152144637.0,,,
2010-02-11,3220.4,35791052.0,46999712971.0,,,
2010-02-12,3251.28,34058238.0,46703220577.0,,,
2010-02-22,3233.34,38283772.0,49981333658.0,,,
2010-02-23,3198.63,42742898.0,62386076936.0,,,
2010-02-24,3244.48,49989437.0,64414097361.0,,,
2010-02-25,3292.13,67586617.0,89485801632.0,,,
2010-02-26,3281.67,52107288.0,70171666128.0,,,
2010-03-01,3324.42,60504520.0,81205689009.0,,,
2010-03-02,3311.24,57034374.0,76233992315.0,,,
2010-03-03,3335.08,60622732.0,78442132954.0,,,
2010-03-04,3250.57,69346810.0,89462913752.0,,,
2010-03-05,3259.76,45629138.0,59621178434.0,,,
2010-03-08,3286.18,41540876.0,54686555117.0,,,
2010-03-09,3305.86,54199486.0,71971297725.0,,,
2010-03-10,3279.69,46421079.0,61760429281.0,,,
2010-03-11,3276.71,47487754.0,63732658851.0,,,
2010-03-12,3233.13,39957344.0,52611210820.0,,,
2010-03-15,3183.18,37844304.0,49219898122.0,,,
2010-03-16,3203.97,30847780.0,41510426396.0,,,
2010-03-17,3273.92,45800934.0,62587395428.0,,,
2010-03-18,3267.55,46948013.0,62509130228.0,,,
2010-03-19,3293.87,46062187.0,62114230718.0,,,
2010-03-22,3302.63,49439462.0,65652976792.0,,,
2010-03-23,3275.57,46539536.0,62145531443.0,,,
2010-03-24,3276.67,44547966.0,58330301241.0,,,
2010-03-25,3229.13,44984285.0,58604759567.0,,,
2010-03-26,3275.0,47444965.0,61592843185.0,,,
2010-03-29,3358.54,84724910.0,110326973484.0,,,
2010-03-30,3366.71,56436980.0,78682669413.0,,,
2010-03-31,3345.61,53124287.0,72120886278.0,,,
2010-04-01,3391.94,67772669.0,92360495841.0,,,
2010-04-02,3407.35,69073452.0,99040760060.0,,,
2010-04-06,3405.15,65191710.0,93985883918.0,,,
2010-04-07,3386.95,54011228.0,76733159936.0,,,
2010-04-08,3346.74,62185322.0,89317468603.0,,,
2010-04-09,3379.17,51280567.0,75590356319.0,,,
2010-04-12,3351.48,74565150.0,105996609644.0,,,
2010-04-13,3391.72,79907695.0,116440339286.0,,,
2010-04-14,3403.71,60306131.0,90787568716.0,,,
2010-04-15,3394.57,61051685.0,88700235636.0,,,
2010-04-16,3356.33,47140368.0,67235596653.0,,,
2010-04-19,3176.42,88416300.0,118855971989.0,,,
2010-04-20,3173.37,64137859.0,88005965691.0,,,
2010-04-21,3236.68,66928331.0,93373377791.0,,,
2010-04-22,3201.54,71081688.0,98970386343.0,,,
2010-04-23,3190.0,61252679.0,92115669956.0,,,
2010-04-26,3172.0,50894199.0,74959121055.0,,,
2010-04-27,3108.41,65296574.0,88058360562.0,,,
2010-04-28,3097.35,45995406.0,65484924588.0,,,
2010-04-29,3060.06,48260971.0,69250868103.0,,,
2010-04-30,3067.36,54477881.0,73190884013.0,,,
2010-05-04,3019.45,41248610.0,54558607131.0,,,
2010-05-05,3036.39,59670441.0,80835340414.0,,,
2010-05-06,2896.86,58770413.0,81502262034.0,,,
2010-05-07,2836.79,61119399.0,79147499714.0,,,
2010-05-10,2858.23,50209173.0,64909188147.0,,,
2010-05-11,2800.82,58363490.0,73894666754.0,,,
2010-05-12,2818.16,53002271.0,64693988243.0,,,
2010-05-13,2886.91,55145778.0,67486536614.0,,,
2010-05-14,2868.02,42498719.0,55175291043.0,,,
2010-05-17,2714.72,52166847.0,62395513473.0,,,
2010-05-18,2771.35,54509671.0,62746245805.0,,,
2010-05-19,2762.17,45576221.0,54656401336.0,,,
2010-05-20,2726.02,42174803.0,52677914862.0,,,
2010-05-21,2768.79,54475383.0,63501808937.0,,,
2010-05-24,2873.47,74502338.0,89961882752.0,,,
2010-05-25,2813.94,55168327.0,67954988050.0,,,
2010-05-26,2813.94,39858564.0,48495603059.0,,,
2010-05-27,2859.98,53445209.0,65266773667.0,,,
2010-05-28,2850.3,51534989.0,64342505421.0,,,
2010-05-31,2773.26,46216854.0,56695803642.0,,,
2010-06-01,2744.16,44851426.0,53230913831.0,,,
2010-06-02,2757.53,39587020.0,46364229493.0,,,
2010-06-03,2736.08,39587258.0,47143262922.0,,,
2010-06-04,2744.39,32746291.0,39858363381.0,,,
2010-06-07,2695.72,39541993.0,47062703369.0,,,
2010-06-08,2699.34,35140182.0,42677104255.0,,,
2010-06-09,2782.13,60209533.0,70710080539.0,,,
2010-06-10,2750.02,42906334.0,50312244286.0,,,
2010-06-11,2758.87,40558585.0,48871478557.0,,,
2010-06-17,2742.73,32612356.0,40293233998.0,,,
2010-06-18,2696.17,41808344.0,50256350918.0,,,
2010-06-21,2780.66,55261482.0,62809190519.0,,,
2010-06-22,2783.72,39096052.0,45207207792.0,,,
2010-06-23,2758.5,35600350.0,41600240721.0,,,
2010-06-24,2757.5,29220682.0,33772857040.0,,,
2010-06-25,2736.29,30671782.0,34649179151.0,,,
2010-06-28,2716.78,27710044.0,31198277084.0,,,
2010-06-29,2592.02,48758552.0,50635969685.0,,,
2010-06-30,2563.07,35698794.0,35809892277.0,,,
2010-07-01,2526.07,32857646.0,32478457404.0,,,
2010-07-02,2534.1,44914100.0,43367318435.0,,,
2010-07-05,2512.65,32178574.0,30922298985.0,,,
2010-07-06,2562.9,39714762.0,38976836519.0,,,
2010-07-07,2580.48,35720909.0,37059898462.0,,,
2010-07-08,2575.92,34056966.0,35348760455.0,,,
2010-07-09,2647.1,58493045.0,61470066938.0,,,
2010-07-12,2676.22,58462491.0,63462262470.0,,,
2010-07-13,2634.59,43228506.0,45125109071.0,,,
2010-07-14,2653.61,46688860.0,49497106670.0,,,
2010-07-15,2608.52,40440459.0,41444710868.0,,,
2010-07-16,2616.13,35063302.0,35422326209.0,,,
2010-07-19,2682.47,53868070.0,59826125817.0,,,
2010-07-20,2741.5,73128345.0,80958216794.0,,,
2010-07-21,2747.33,70757092.0,73734684585.0,,,
2010-07-22,2781.29,61064806.0,63576603000.0,,,
2010-07-23,2793.08,64518565.0,70423335023.0,,,
2010-07-26,2811.05,53580026.0,59848905278.0,,,
2010-07-27,2795.72,49799884.0,55963991462.0,,,
2010-07-28,2863.72,79985954.0,84516845765.0,,,
2010-07-29,2877.98,95965409.0,92278224492.0,,,
2010-07-30,2868.85,62575591.0,65224482367.0,,,
2010-08-02,2917.27,71743300.0,73569074427.0,,,
2010-08-03,2865.97,81748364.0,86870574135.0,,,
2010-08-04,2876.43,71318039.0,75670144265.0,,,
2010-08-05,2850.83,67157581.0,73038457567.0,,,
2010-08-06,2897.66,74914895.0,82145150913.0,,,
2010-08-09,2918.24,74726391.0,83431980844.0,,,
2010-08-10,2832.64,78435034.0,84283699448.0,,,
2010-08-11,2850.21,54979133.0,58786302173.0,,,
2010-08-12,2816.39,59893227.0,65825613506.0,,,
2010-08-13,2855.55,58507721.0,62923747790.0,,,
2010-08-16,2922.08,81068043.0,91427507573.0,,,
2010-08-17,2942.29,76452912.0,86700542871.0,,,
2010-08-18,2937.36,70747600.0,80832368101.0,,,
2010-08-19,2955.4,76924865.0,91734587115.0,,,
2010-08-20,2898.33,71663306.0,82298173112.0,,,
2010-08-23,2896.19,48915517.0,57772779300.0,,,
2010-08-24,2911.83,61093796.0,65036592635.0,,,
2010-08-25,2843.02,63610621.0,67048224427.0,,,
2010-08-26,2850.09,48670442.0,51862922913.0,,,
2010-08-27,2858.57,40789582.0,46699343358.0,,,
2010-08-30,2915.01,65749882.0,77341616491.0,,,
2010-08-31,2903.19,65766104.0,79976347302.0,,,
2010-09-01,2884.04,76975578.0,87931887194.0,,,
2010-09-02,2921.39,70700851.0,88923142593.0,,,
2010-09-03,2920.21,72641027.0,87724829649.0,,,
2010-09-06,2975.09,93855681.0,110466116424.0,,,
2010-09-07,2983.11,73519361.0,85488193860.0,,,
2010-09-08,2980.97,72872002.0,92660879129.0,,,
2010-09-09,2926.46,81395554.0,103248280132.0,,,
2010-09-10,2932.55,65086704.0,83743163807.0,,,
2010-09-13,2962.32,67279900.0,87536178972.0,,,
2010-09-14,2965.01,70105903.0,87204421695.0,,,
2010-09-15,2913.19,71619642.0,86445964329.0,,,
2010-09-16,2857.79,74074284.0,84198375910.0,,,
2010-09-17,2861.37,51938867.0,62466326737.0,,,
2010-09-20,2849.83,50283104.0,57582985440.0,,,
2010-09-21,2857.48,35751881.0,44742025248.0,,,
2010-09-27,2905.03,49071823.0,62611534184.0,,,
2010-09-28,2880.91,58660826.0,80859749613.0,,,
2010-09-29,2874.81,56782236.0,74516021987.0,,,
2010-09-30,2935.57,63000247.0,80709727516.0,,,
2010-10-08,3044.23,99994720.0,134986634589.0,,,
2010-10-11,3132.9,158734904.0,212607066630.0,,,
2010-10-12,3172.73,127361705.0,178245219770.0,,,
2010-10-13,3217.58,144607773.0,195444719896.0,,,
2010-10-14,3224.14,179611838.0,227654458634.0,,,
2010-10-15,3327.68,193414140.0,245619296303.0,,,
2010-10-18,3306.16,217882051.0,267884370339.0,,,
2010-10-19,3375.67,130441791.0,165488914490.0,,,
2010-10-20,3396.88,166528460.0,235372057455.0,,,
2010-10-21,3374.69,123883245.0,175383712722.0,,,
2010-10-22,3378.66,116361857.0,163153618542.0,,,
2010-10-25,3481.08,145433105.0,208809404746.0,,,
2010-10-26,3466.08,142636999.0,205216457176.0,,,
2010-10-27,3403.87,123761570.0,177072552070.0,,,
2010-10-28,3397.69,98349456.0,141135882042.0,,,
2010-10-29,3379.98,100458970.0,145528365885.0,,,
2010-11-01,3473.0,126269148.0,186725762506.0,,,
2010-11-02,3463.13,154911450.0,233976228513.0,,,
2010-11-03,3420.34,126359303.0,178803329799.0,,,
2010-11-04,3480.5,116799481.0,164721393800.0,,,
2010-11-05,3520.8,137688027.0,196618041454.0,,,
2010-11-08,3548.57,126470759.0,174067581795.0,,,
2010-11-09,3523.95,122454533.0,170174876748.0,,,
2010-11-10,3499.11,120078578.0,176529783278.0,,,
2010-11-11,3509.98,138976233.0,209121524845.0,,,
2010-11-12,3291.83,160733850.0,224200791087.0,,,
2010-11-15,3314.89,102315724.0,144492952434.0,,,
2010-11-16,3169.54,108307072.0,154278113336.0,,,
2010-11-17,3103.91,83258080.0,118981231625.0,,,
2010-11-18,3147.96,65697292.0,94476115838.0,,,
2010-11-19,3178.85,83347654.0,114672977294.0,,,
2010-11-22,3171.94,83212776.0,114302974766.0,,,
2010-11-23,3107.18,77399591.0,105281461473.0,,,
2010-11-24,3177.04,75332083.0,107688446612.0,,,
2010-11-25,3223.48,83442094.0,116948295300.0,,,
2010-11-26,3194.85,64467824.0,96226367197.0,,,
2010-11-29,3190.05,58994892.0,88799073974.0,,,
2010-11-30,3136.99,85762355.0,120572328539.0,,,
2010-12-01,3136.02,48882668.0,69472579579.0,,,
2010-12-02,3155.06,61023908.0,89764278070.0,,,
2010-12-03,3158.16,50475354.0,71387337327.0,,,
2010-12-06,3165.57,56362630.0,80043207937.0,,,
2010-12-07,3200.34,58483653.0,85548293130.0,,,
2010-12-08,3171.88,59515663.0,87056105048.0,,,
2010-12-09,3123.37,66152965.0,83159036199.0,,,
2010-12-10,3161.98,57108105.0,78069117443.0,,,
2010-12-13,3261.06,95713739.0,132088353616.0,,,
2010-12-14,3269.47,84104241.0,114928736614.0,,,
2010-12-15,3247.64,72269785.0,104793174443.0,,,
2010-12-16,3230.67,56799625.0,79262377015.0,,,
2010-12-17,3225.66,44919147.0,65697259729.0,,,
2010-12-20,3178.66,74759693.0,107521977283.0,,,
2010-12-21,3249.51,79852420.0,112461675290.0,,,
2010-12-22,3215.45,69936258.0,98309032433.0,,,
2010-12-23,3188.61,61315847.0,84430476449.0,,,
2010-12-24,3162.96,55137767.0,72989136209.0,,,
2010-12-27,3099.71,70017107.0,99855478580.0,,,
2010-12-28,3044.93,56325749.0,74843956564.0,,,
2010-12-29,3061.83,45192775.0,60134777207.0,,,
2010-12-30,3064.1,54281429.0,70284275917.0,,,
2010-12-31,3128.26,62566078.0,90545901164.0,,,
2011-01-04,3189.68,85410440.0,129159620771.0,,,
2011-01-05,3175.66,79268810.0,116943213907.0,,,
2011-01-06,3159.64,59681092.0,91568447016.0,,,
2011-01-07,3166.62,84093233.0,113651250191.0,,,
2011-01-10,3108.19,65494406.0,87992881712.0,,,
2011-01-11,3124.92,56985917.0,74832449402.0,,,
2011-01-12,3142.34,58498518.0,71551421416.0,,,
2011-01-13,3141.28,51936988.0,66925783701.0,,,
2011-01-14,3091.86,53351439.0,71012100141.0,,,
2011-01-17,2974.35,66807562.0,85454121099.0,,,
2011-01-18,2977.65,42964564.0,54652416480.0,,,
2011-01-19,3044.85,56571942.0,72772226927.0,,,
2011-01-20,2944.71,61046643.0,76440116738.0,,,
2011-01-21,2983.46,73102966.0,85157790710.0,,,
2011-01-24,2954.23,65472545.0,75805236102.0,,,
2011-01-25,2938.65,48982689.0,57572819537.0,,,
2011-01-26,2978.43,43374979.0,51746038070.0,,,
2011-01-27,3026.47,82585919.0,96976029913.0,,,
2011-01-28,3036.74,63013589.0,78241917729.0,,,
2011-01-31,3076.51,67105914.0,83070309373.0,,,
2011-02-01,3077.28,49862530.0,65832698489.0,,,
2011-02-09,3040.95,60394145.0,78148356164.0,,,
2011-02-10,3104.16,66603662.0,86967273678.0,,,
2011-02-11,3120.96,75975553.0,99001500830.0,,,
2011-02-14,3219.14,121302331.0,155829380802.0,,,
2011-02-15,3217.67,109554438.0,147747227925.0,,,
2011-02-16,3248.53,91334283.0,125549596910.0,,,
2011-02-17,3245.91,88964695.0,127559673833.0,,,
2011-02-18,3211.88,75378684.0,104743371599.0,,,
2011-02-21,3257.91,79399776.0,108055882413.0,,,
2011-02-22,3163.58,107863741.0,147588609007.0,,,
2011-02-23,3174.74,71324854.0,97251422739.0,,,
2011-02-24,3190.94,66486893.0,94908281477.0,,,
2011-02-25,3197.62,61619275.0,88275899352.0,,,
2011-02-28,3239.56,76630663.0,109249970846.0,,,
2011-03-01,3254.89,88566954.0,124040755772.0,,,
2011-03-02,3243.3,80910641.0,113592007455.0,,,
2011-03-03,3221.72,101219997.0,131217797700.0,,,
2011-03-04,3270.67,80013915.0,107401810462.0,,,
2011-03-07,3334.51,118187197.0,170406772534.0,,,
2011-03-08,3337.46,84878655.0,126306326053.0,,,
2011-03-09,3338.86,78026361.0,113534089995.0,,,
2011-03-10,3280.26,78212642.0,117952630963.0,,,
2011-03-11,3247.38,67208335.0,100306077088.0,,,
2011-03-14,3262.92,63689783.0,94134688007.0,,,
2011-03-15,3203.96,96033979.0,129603315155.0,,,
2011-03-16,3248.2,78859520.0,111826095701.0,,,
2011-03-17,3197.1,85687114.0,117295727563.0,,,
2011-03-18,3215.69,61340161.0,86845200065.0,,,
2011-03-21,3207.11,59105037.0,84105739105.0,,,
2011-03-22,3222.96,57248684.0,80009792794.0,,,
2011-03-23,3264.93,72077585.0,98540423659.0,,,
2011-03-24,3251.36,61304244.0,88058905863.0,,,
2011-03-25,3294.48,86895979.0,122021366960.0,,,
2011-03-28,3290.57,97684300.0,139030083023.0,,,
2011-03-29,3257.98,105280164.0,132908076725.0,,,
2011-03-30,3256.08,78336337.0,103271930321.0,,,
2011-03-31,3223.29,64503880.0,86565372662.0,,,
2011-04-01,3272.73,63094722.0,86711549873.0,,,
2011-04-06,3311.07,105823674.0,143030090888.0,,,
2011-04-07,3324.42,84681762.0,112678585789.0,,,
2011-04-08,3353.36,73929210.0,107329316269.0,,,
2011-04-11,3333.43,104420545.0,141974385699.0,,,
2011-04-12,3326.77,101938506.0,122863556078.0,,,
2011-04-13,3372.03,87036338.0,108305234380.0,,,
2011-04-14,3353.56,88972241.0,107491228060.0,,,
2011-04-15,3358.94,78514874.0,98934572633.0,,,
2011-04-18,3359.44,86582624.0,107178227750.0,,,
2011-04-19,3295.81,85106933.0,104368983043.0,,,
2011-04-20,3295.76,72343318.0,93667138370.0,,,
2011-04-21,3317.37,73240424.0,96739132646.0,,,
2011-04-22,3299.94,67171455.0,83528333290.0,,,
2011-04-25,3249.57,74421829.0,98455879623.0,,,
2011-04-26,3230.96,59096417.0,76696858373.0,,,
2011-04-27,3209.5,62443567.0,75111247063.0,,,
2011-04-28,3161.78,65050235.0,79155830155.0,,,
2011-04-29,3192.72,53683065.0,63455814284.0,,,
2011-05-03,3211.13,54998910.0,64348987555.0,,,
2011-05-04,3129.03,66716340.0,83567655304.0,,,
2011-05-05,3126.12,52567747.0,63009373497.0,,,
2011-05-06,3121.4,55352186.0,69747372718.0,,,
2011-05-09,3129.76,46027404.0,57287412506.0,,,
2011-05-10,3153.22,40932995.0,54931224820.0,,,
2011-05-11,3145.08,47688533.0,59507719522.0,,,
2011-05-12,3101.6,48799501.0,61703080348.0,,,
2011-05-13,3128.09,46895951.0,57757204870.0,,,
2011-05-16,3100.46,45194319.0,54238723382.0,,,
2011-05-17,3116.03,51203731.0,65417943732.0,,,
2011-05-18,3139.38,39641768.0,49757174173.0,,,
2011-05-19,3120.64,43110782.0,52249679659.0,,,
2011-05-20,3121.6,38468012.0,48967028428.0,,,
2011-05-23,3022.98,55902472.0,66976426510.0,,,
2011-05-24,3026.22,41608944.0,52971692396.0,,,
2011-05-25,2990.34,39289704.0,48604397867.0,,,
2011-05-26,2978.38,37003747.0,48346482355.0,,,
2011-05-27,2963.31,42770905.0,52019994149.0,,,
2011-05-30,2954.51,34671160.0,42960260576.0,,,
2011-05-31,3001.56,39689399.0,50553386204.0,,,
2011-06-01,3004.17,38419327.0,49060076491.0,,,
2011-06-02,2955.71,52617867.0,61748347004.0,,,
2011-06-03,2986.35,39076164.0,49273758984.0,,,
2011-06-07,3004.26,36852332.0,49859134919.0,,,
2011-06-08,3008.65,42908758.0,51123188095.0,,,
2011-06-09,2951.89,47496636.0,55381280377.0,,,
2011-06-10,2961.93,42201882.0,50942992933.0,,,
2011-06-13,2950.35,38351668.0,46991283431.0,,,
2011-06-14,2993.56,55982815.0,66158911408.0,,,
2011-06-15,2963.12,44390852.0,54467701030.0,,,
2011-06-16,2917.58,41135482.0,47067185495.0,,,
2011-06-17,2892.16,41176530.0,51647156163.0,,,
2011-06-20,2874.9,37991982.0,45416696840.0,,,
2011-06-21,2909.07,42038923.0,50160678865.0,,,
2011-06-22,2908.58,37318802.0,43263825738.0,,,
2011-06-23,2957.63,45941117.0,55276886318.0,,,
2011-06-24,3027.47,85459240.0,104972923209.0,,,
2011-06-27,3036.49,65615771.0,79044152725.0,,,
2011-06-28,3041.73,55766254.0,70333384864.0,,,
2011-06-29,3000.17,53476848.0,61717623012.0,,,
2011-06-30,3044.09,62502549.0,73891668789.0,,,
2011-07-01,3049.75,56766653.0,72614645374.0,,,
2011-07-04,3121.98,80464031.0,102679821385.0,,,
2011-07-05,3122.5,67763335.0,81999827927.0,,,
2011-07-06,3113.71,61555807.0,76556996969.0,,,
2011-07-07,3101.68,71810360.0,92120550136.0,,,
2011-07-08,3109.18,51282593.0,65155542913.0,,,
2011-07-11,3113.21,47920660.0,62237248759.0,,,
2011-07-12,3056.91,57107984.0,71222640397.0,,,
2011-07-13,3106.25,54114367.0,68294830332.0,,,
2011-07-14,3115.75,60314935.0,79948505027.0,,,
2011-07-15,3128.89,61550322.0,79424849005.0,,,
2011-07-18,3122.6,60691311.0,78225031039.0,,,
2011-07-19,3095.12,53388709.0,68506068928.0,,,
2011-07-20,3091.57,44118331.0,56930993021.0,,,
2011-07-21,3059.14,44084691.0,57942637401.0,,,
2011-07-22,3067.99,37257255.0,49618948350.0,,,
2011-07-25,2968.29,67180996.0,77513632253.0,,,
2011-07-26,2977.77,43515457.0,49560684459.0,,,
2011-07-27,3000.05,48385612.0,58746220328.0,,,
2011-07-28,2981.0,48138984.0,60678598008.0,,,
2011-07-29,2972.08,46298253.0,54358237266.0,,,
2011-08-01,2977.72,33886949.0,41203123005.0,,,
2011-08-02,2956.38,38978357.0,48435295389.0,,,
2011-08-03,2954.87,38668362.0,49593983761.0,,,
2011-08-04,2960.31,32985719.0,41335656567.0,,,
2011-08-05,2897.42,49316854.0,60240017405.0,,,
2011-08-08,2793.9,71517766.0,83694787456.0,,,
2011-08-09,2798.19,69842676.0,79653278208.0,,,
2011-08-10,2824.12,58659312.0,68580540607.0,,,
2011-08-11,2866.92,58997689.0,69223945409.0,,,
2011-08-12,2875.36,57197406.0,63487643741.0,,,
2011-08-15,2917.88,59875476.0,61102226502.0,,,
2011-08-16,2897.58,50962681.0,57496628333.0,,,
2011-08-17,2886.01,39178179.0,41891853603.0,,,
2011-08-18,2834.25,40768883.0,45784423192.0,,,
2011-08-19,2807.66,43259650.0,48442961960.0,,,
2011-08-22,2777.79,34209685.0,40136538647.0,,,
2011-08-23,2821.0,32620514.0,36441994495.0,,,
2011-08-24,2810.02,35301565.0,41939777958.0,,,
2011-08-25,2903.84,72216845.0,75745960111.0,,,
2011-08-26,2901.22,45604102.0,51759427726.0,,,
2011-08-29,2852.81,44267850.0,49892653226.0,,,
2011-08-30,2841.74,43137872.0,48565790320.0,,,
2011-08-31,2846.78,32107899.0,37624544060.0,,,
2011-09-01,2834.53,30118702.0,35143727252.0,,,
2011-09-02,2803.85,29317116.0,31960598827.0,,,
2011-09-05,2743.82,32005660.0,36040312618.0,,,
2011-09-06,2723.3,29713982.0,33746805052.0,,,
2011-09-07,2779.09,33265381.0,37096662193.0,,,
2011-09-08,2756.1,26838735.0,31209441131.0,,,
2011-09-09,2751.09,27073503.0,30348131114.0,,,
2011-09-13,2720.28,26713764.0,30034340041.0,,,
2011-09-14,2733.11,30424780.0,32858416579.0,,,
2011-09-15,2729.05,31171925.0,32507109143.0,,,
2011-09-16,2733.99,27555932.0,29743911967.0,,,
2011-09-19,2679.27,29090941.0,29731416051.0,,,
2011-09-20,2689.84,25598681.0,27274347411.0,,,
2011-09-21,2771.01,56194171.0,59146487177.0,,,
2011-09-22,2685.69,47102660.0,47793334084.0,,,
2011-09-23,2669.48,42592224.0,45934334698.0,,,
2011-09-26,2610.92,39175124.0,40495022542.0,,,
2011-09-27,2637.88,35021974.0,37301310910.0,,,
2011-09-28,2610.59,34169555.0,36195919556.0,,,
2011-09-29,2588.19,37093593.0,37708584378.0,,,
2011-09-30,2581.35,32050822.0,32376678343.0,,,
2011-10-10,2557.08,28325122.0,28149902145.0,,,
2011-10-11,2551.99,45029848.0,47409892228.0,,,
2011-10-12,2644.76,65945680.0,62822831798.0,,,
2011-10-13,2662.6,60426201.0,56631043777.0,,,
2011-10-14,2653.78,38336948.0,37326709609.0,,,
2011-10-17,2666.95,36158315.0,38101620397.0,,,
2011-10-18,2592.21,39373448.0,39453303360.0,,,
2011-10-19,2583.08,31116166.0,32114967067.0,,,
2011-10-20,2520.53,39842462.0,39409600021.0,,,
2011-10-21,2507.88,29843503.0,29090707044.0,,,
2011-10-24,2576.67,46345801.0,44056731116.0,,,
2011-10-25,2625.43,57967375.0,57533462226.0,,,
2011-10-26,2651.65,73098240.0,69534363517.0,,,
2011-10-27,2657.48,48820391.0,47403219262.0,,,
2011-10-28,2709.02,71643105.0,72908419745.0,,,
2011-10-31,2695.31,50407112.0,52522499085.0,,,
2011-11-01,2697.53,55206651.0,56067605452.0,,,
2011-11-02,2742.39,64361584.0,65327476275.0,,,
2011-11-03,2744.3,84820760.0,90502549983.0,,,
2011-11-04,2763.75,61958218.0,63500868592.0,,,
2011-11-07,2736.25,45375056.0,47761935110.0,,,
2011-11-08,2727.71,47884252.0,47864912703.0,,,
2011-11-09,2751.65,46877960.0,48484230112.0,,,
2011-11-10,2699.59,51173702.0,51793948486.0,,,
2011-11-11,2695.0,36636696.0,38724219259.0,,,
2011-11-14,2750.2,46390943.0,51333489021.0,,,
2011-11-15,2744.68,41759864.0,46980738996.0,,,
2011-11-16,2670.12,55949239.0,57844199048.0,,,
2011-11-17,2662.02,35247652.0,37762635927.0,,,
2011-11-18,2606.5,42414718.0,44949477108.0,,,
2011-11-21,2609.69,27971896.0,31175406753.0,,,
2011-11-22,2609.48,29069078.0,31886735092.0,,,
2011-11-23,2584.01,28531412.0,30958563539.0,,,
2011-11-24,2588.92,30319601.0,31894726945.0,,,
2011-11-25,2569.97,23913766.0,27509358470.0,,,
2011-11-28,2573.32,25666936.0,29179539395.0,,,
2011-11-29,2608.57,30025878.0,34962425966.0,,,
2011-11-30,2521.52,42352645.0,42454205363.0,,,
2011-12-01,2583.61,63520252.0,66146809487.0,,,
2011-12-02,2557.31,32183703.0,33168419336.0,,,
2011-12-05,2521.39,32063388.0,32749927399.0,,,
2011-12-06,2516.34,26297581.0,26310941611.0,,,
2011-12-07,2528.23,23261839.0,23433730534.0,,,
2011-12-08,2525.0,27777744.0,27843683566.0,,,
2011-12-09,2503.46,24029059.0,25477241953.0,,,
2011-12-12,2477.69,21901249.0,21200444065.0,,,
2011-12-13,2421.93,35717534.0,33269154181.0,,,
2011-12-14,2397.48,25320109.0,23753606413.0,,,
2011-12-15,2340.79,36750834.0,33900401991.0,,,
2011-12-16,2390.13,36302339.0,33652058785.0,,,
2011-12-19,2384.41,37909752.0,33711370957.0,,,
2011-12-20,2377.07,32402327.0,29967658690.0,,,
2011-12-21,2339.11,31209525.0,30917839680.0,,,
2011-12-22,2341.33,36683858.0,31845455341.0,,,
2011-12-23,2359.16,33161904.0,29910296920.0,,,
2011-12-26,2335.7,28224087.0,25033053118.0,,,
2011-12-27,2305.03,29277314.0,26777021276.0,,,
2011-12-28,2307.93,32882020.0,28839274201.0,,,
2011-12-29,2311.36,30887700.0,26868223305.0,,,
2011-12-30,2345.74,35865243.0,32362650284.0,,,
2012-01-04,2298.75,34344567.0,32572551267.0,,,
2012-01-05,2276.39,43016480.0,37635272074.0,,,
2012-01-06,2290.6,35198992.0,31079362325.0,,,
2012-01-09,2368.57,54727341.0,51478126954.0,,,
2012-01-10,2447.35,81154989.0,75249157103.0,,,
2012-01-11,2435.61,58705674.0,57587219272.0,,,
2012-01-12,2435.22,47121275.0,47877407259.0,,,
2012-01-13,2394.33,45513997.0,47228338588.0,,,
2012-01-16,2345.65,30527145.0,34410385319.0,,,
2012-01-17,2460.6,64205648.0,64324131068.0,,,
2012-01-18,2422.19,63892358.0,67058838880.0,,,
2012-01-19,2468.35,55615726.0,56377653304.0,,,
2012-01-20,2504.09,54529783.0,57474475709.0,,,
2012-01-30,2460.72,43517148.0,44770885276.0,,,
2012-01-31,2464.26,30701501.0,32694132107.0,,,
2012-02-01,2428.99,35015374.0,37752320797.0,,,
2012-02-02,2486.24,42066985.0,44126383715.0,,,
2012-02-03,2506.09,49949240.0,51507545973.0,,,
2012-02-06,2504.32,45079905.0,47541523547.0,,,
2012-02-07,2457.95,39679164.0,40034277145.0,,,
2012-02-08,2528.24,56186456.0,61721305024.0,,,
2012-02-09,2529.23,59299751.0,63456204565.0,,,
2012-02-10,2533.62,61575877.0,60029482361.0,,,
2012-02-13,2531.98,51913973.0,54282622440.0,,,
2012-02-14,2522.11,40430101.0,43723682304.0,,,
2012-02-15,2549.61,58090370.0,60422394145.0,,,
2012-02-16,2536.07,54395431.0,55165633314.0,,,
2012-02-17,2537.09,38994716.0,40458003413.0,,,
2012-02-20,2540.71,56153329.0,56748912893.0,,,
2012-02-21,2562.45,47894808.0,47758225547.0,,,
2012-02-22,2597.48,76376656.0,76421806874.0,,,
2012-02-23,2606.26,70377126.0,72612089253.0,,,
2012-02-24,2648.02,85999708.0,88058616716.0,,,
2012-02-27,2656.57,101514034.0,106670207615.0,,,
2012-02-28,2662.46,77592536.0,77213053038.0,,,
2012-02-29,2634.14,59120206.0,64875221164.0,,,
2012-03-01,2633.34,42148441.0,46524079738.0,,,
2012-03-02,2679.93,64122034.0,66981591368.0,,,
2012-03-05,2662.7,71395458.0,74973261138.0,,,
2012-03-06,2621.05,62447148.0,68852557821.0,,,
2012-03-07,2603.0,56948733.0,63243293004.0,,,
2012-03-08,2635.79,57549413.0,64458851045.0,,,
2012-03-09,2664.3,55258921.0,65963441747.0,,,
2012-03-12,2654.4,62327216.0,74367701978.0,,,
2012-03-13,2681.07,58404469.0,66429764308.0,,,
2012-03-14,2605.11,108426540.0,117080408732.0,,,
2012-03-15,2585.55,72565960.0,77042766482.0,,,
2012-03-16,2623.52,58091259.0,67451822278.0,,,
2012-03-19,2630.01,57646625.0,68803937996.0,,,
2012-03-20,2584.45,58114065.0,64263817216.0,,,
2012-03-21,2587.79,58002544.0,66674920148.0,,,
2012-03-22,2583.75,44926777.0,50115505934.0,,,
2012-03-23,2552.94,43329256.0,47812442986.0,,,
2012-03-26,2555.44,31816211.0,36356133943.0,,,
2012-03-27,2547.14,35944604.0,47394454857.0,,,
2012-03-28,2474.9,50005790.0,54993640999.0,,,
2012-03-29,2443.12,46131304.0,48651595893.0,,,
2012-03-30,2454.9,37027086.0,39139734882.0,,,
2012-04-05,2512.83,54331687.0,58049690964.0,,,
2012-04-06,2519.83,42368576.0,47207795088.0,,,
2012-04-09,2495.15,35370986.0,38180751755.0,,,
2012-04-10,2519.79,41335905.0,44064833898.0,,,
2012-04-11,2520.04,42510310.0,43627983913.0,,,
2012-04-12,2570.44,56488409.0,59536950778.0,,,
2012-04-13,2580.45,53092643.0,61892977442.0,,,
2012-04-16,2574.04,40839700.0,42650756402.0,,,
2012-04-17,2541.88,37815467.0,38328417080.0,,,
2012-04-18,2599.91,58688408.0,59361005883.0,,,
2012-04-19,2596.06,46448109.0,55512931549.0,,,
2012-04-20,2626.84,61446379.0,63829908072.0,,,
2012-04-23,2606.04,58664938.0,62073949557.0,,,
2012-04-24,2604.87,71139558.0,73150514001.0,,,
2012-04-25,2625.99,62468053.0,63529458933.0,,,
2012-04-26,2631.49,58965667.0,64377486667.0,,,
2012-04-27,2626.16,48233586.0,53345515969.0,,,
2012-05-02,2683.49,80148654.0,92366091966.0,,,
2012-05-03,2691.52,59361090.0,72337336415.0,,,
2012-05-04,2715.88,63218086.0,73699551125.0,,,
2012-05-07,2717.78,68547314.0,82715668565.0,,,
2012-05-08,2709.12,63110840.0,73744497984.0,,,
2012-05-09,2657.51,58400283.0,69482578578.0,,,
2012-05-10,2657.21,46962576.0,54056953614.0,,,
2012-05-11,2636.92,41006143.0,49392898299.0,,,
2012-05-14,2615.53,52082484.0,60331294491.0,,,
2012-05-15,2617.37,45767271.0,51374761939.0,,,
2012-05-16,2574.65,43280274.0,47863536278.0,,,
2012-05-17,2613.94,43728389.0,49203910040.0,,,
2012-05-18,2573.98,43422124.0,46907511775.0,,,
2012-05-21,2587.23,38602090.0,44300405781.0,,,
2012-05-22,2627.52,42773529.0,49392413014.0,,,
2012-05-23,2616.87,43719531.0,52563403310.0,,,
2012-05-24,2595.26,42844066.0,50064439874.0,,,
2012-05-25,2573.1,39273004.0,41420081778.0,,,
2012-05-28,2614.69,56339275.0,58412343035.0,,,
2012-05-29,2650.85,72135637.0,78681504585.0,,,
2012-05-30,2642.26,51855436.0,56976275428.0,,,
2012-05-31,2632.04,44107469.0,49875041384.0,,,
2012-06-01,2633.0,44191056.0,53843404285.0,,,
2012-06-04,2559.03,52478502.0,60615569451.0,,,
2012-06-05,2558.84,37779910.0,43553303591.0,,,
2012-06-06,2557.4,33857694.0,41316908581.0,,,
2012-06-07,2542.18,34841186.0,42053000073.0,,,
2012-06-08,2524.33,43856426.0,47638005888.0,,,
2012-06-11,2558.26,40098260.0,43449657466.0,,,
2012-06-12,2540.18,37936676.0,40259911520.0,,,
2012-06-13,2580.64,45014568.0,51291269477.0,,,
2012-06-14,2560.42,40247934.0,46331822555.0,,,
2012-06-15,2568.05,42786078.0,48868302897.0,,,
2012-06-18,2581.21,35693628.0,40852450181.0,,,
2012-06-19,2558.62,32700553.0,37020041266.0,,,
2012-06-20,2552.61,29850639.0,33573669769.0,,,
2012-06-21,2512.19,35396732.0,38607959039.0,,,
2012-06-25,2456.52,40106735.0,42503507171.0,,,
2012-06-26,2454.92,31734008.0,33896511717.0,,,
2012-06-27,2447.2,30007553.0,31437597414.0,,,
2012-06-28,2425.73,30543113.0,34418793210.0,,,
2012-06-29,2461.61,37994941.0,40976538386.0,,,
2012-07-02,2465.24,40510078.0,45651476527.0,,,
2012-07-03,2468.72,38693354.0,45004653879.0,,,
2012-07-04,2464.92,34452142.0,37837659888.0,,,
2012-07-05,2430.37,34726145.0,35946204421.0,,,
2012-07-06,2472.61,49610605.0,56601778899.0,,,
2012-07-09,2416.04,49223302.0,54601732513.0,,,
2012-07-10,2406.71,35549984.0,38539025245.0,,,
2012-07-11,2425.57,37624312.0,39851892244.0,,,
2012-07-12,2449.18,56717691.0,65137536868.0,,,
2012-07-13,2450.63,36725256.0,42013581196.0,,,
2012-07-16,2399.73,42771870.0,45844882072.0,,,
2012-07-17,2414.2,33424329.0,38285441648.0,,,
2012-07-18,2414.33,41751788.0,44325492550.0,,,
2012-07-19,2424.32,46949052.0,47704038961.0,,,
2012-07-20,2398.46,37619754.0,36683623955.0,,,
2012-07-23,2365.43,32390369.0,33178928582.0,,,
2012-07-24,2375.99,30310079.0,31149105846.0,,,
2012-07-25,2360.08,24896501.0,25730598144.0,,,
2012-07-26,2347.49,31314094.0,31326395007.0,,,
2012-07-27,2349.11,31090525.0,33048182067.0,,,
2012-07-30,2335.79,30484851.0,29907972257.0,,,
2012-07-31,2332.92,32099723.0,31196332451.0,,,
2012-08-01,2358.65,31420848.0,31277764382.0,,,
2012-08-02,2334.88,31516159.0,29751166648.0,,,
2012-08-03,2353.74,29769785.0,31106947335.0,,,
2012-08-06,2385.61,41820665.0,43686686303.0,,,
2012-08-07,2388.87,38285489.0,40403711505.0,,,
2012-08-08,2389.79,37810451.0,41340862162.0,,,
2012-08-09,2411.7,35658951.0,43256096919.0,,,
2012-08-10,2399.75,34702995.0,40699222527.0,,,
2012-08-13,2351.93,44783546.0,46249676189.0,,,
2012-08-14,2357.02,39850066.0,42404687531.0,,,
2012-08-15,2331.61,30580176.0,30332554840.0,,,
2012-08-16,2319.67,25902905.0,27076003542.0,,,
2012-08-17,2313.48,26065717.0,28629966797.0,,,
2012-08-20,2301.79,27402033.0,27174816852.0,,,
2012-08-21,2313.7,34895100.0,34757869338.0,,,
2012-08-22,2295.59,31708412.0,31547519179.0,,,
2012-08-23,2302.2,31335342.0,33789603948.0,,,
2012-08-24,2275.68,31869591.0,32986336544.0,,,
2012-08-27,2228.2,37386191.0,35384156112.0,,,
2012-08-28,2238.41,33773615.0,30331076332.0,,,
2012-08-29,2214.81,29010648.0,27396186648.0,,,
2012-08-30,2211.37,35491310.0,33867206144.0,,,
2012-08-31,2204.87,25964986.0,23340891008.0,,,
2012-09-03,2228.37,38548592.0,35299176733.0,,,
2012-09-04,2204.41,34852688.0,33220203922.0,,,
2012-09-05,2199.88,34751824.0,30445168179.0,,,
2012-09-06,2217.82,31695884.0,26873315868.0,,,
2012-09-07,2317.18,94529764.0,84302249171.0,,,
2012-09-10,2326.67,65330554.0,63252038538.0,,,
2012-09-11,2311.89,46260719.0,43389766043.0,,,
2012-09-12,2320.07,49622518.0,46485174475.0,,,
2012-09-13,2298.46,42049849.0,38023998305.0,,,
2012-09-14,2315.54,61571814.0,55438612876.0,,,
2012-09-17,2258.71,48984734.0,43753169666.0,,,
2012-09-18,2235.24,33228696.0,30171497189.0,,,
2012-09-19,2246.24,34349706.0,32607010935.0,,,
2012-09-20,2195.95,42545779.0,38385856464.0,,,
2012-09-21,2199.06,38120593.0,34043368088.0,,,
2012-09-24,2215.52,37501686.0,33608761246.0,,,
2012-09-25,2210.15,27877019.0,26677064455.0,,,
2012-09-26,2184.89,27454626.0,24918916453.0,,,
2012-09-27,2251.72,53016900.0,48210577766.0,,,
2012-09-28,2293.11,57875825.0,54431465854.0,,,
2012-10-08,2270.05,35534424.0,33915840250.0,,,
2012-10-09,2320.16,52548887.0,48330196363.0,,,
2012-10-10,2324.12,42686238.0,37873996221.0,,,
2012-10-11,2302.53,41300655.0,36172963459.0,,,
2012-10-12,2304.53,36874145.0,33205903773.0,,,
2012-10-15,2294.86,28651746.0,28569021615.0,,,
2012-10-16,2298.16,32059679.0,32705140504.0,,,
2012-10-17,2300.8,33349409.0,31270899032.0,,,
2012-10-18,2336.08,50615100.0,45050292530.0,,,
2012-10-19,2332.47,35927732.0,33173031578.0,,,
2012-10-22,2341.59,34368286.0,32815273277.0,,,
2012-10-23,2312.08,37221272.0,33716876575.0,,,
2012-10-24,2307.78,37542445.0,30392377974.0,,,
2012-10-25,2291.24,44351531.0,33183528714.0,,,
2012-10-26,2247.91,40900519.0,34530067051.0,,,
2012-10-29,2235.85,27581325.0,25328650697.0,,,
2012-10-30,2239.88,34083125.0,29516628523.0,,,
2012-10-31,2254.82,37169795.0,30634360248.0,,,
2012-11-01,2297.88,50761729.0,45602138249.0,,,
2012-11-02,2306.77,39833288.0,34893875754.0,,,
2012-11-05,2301.88,39510372.0,33663152794.0,,,
2012-11-06,2292.21,39280627.0,34473381993.0,,,
2012-11-07,2287.5,33067403.0,30278449435.0,,,
2012-11-08,2245.41,35426475.0,30411864845.0,,,
2012-11-09,2240.92,30506968.0,24374277793.0,,,
2012-11-12,2251.85,34721685.0,29040821378.0,,,
2012-11-13,2212.44,34083704.0,28818451577.0,,,
2012-11-14,2223.11,26758790.0,23592323468.0,,,
2012-11-15,2193.62,28319151.0,23778694920.0,,,
2012-11-16,2177.24,30247786.0,26118247405.0,,,
2012-11-19,2174.99,26978666.0,26737221714.0,,,
2012-11-20,2164.88,23948916.0,22999196160.0,,,
2012-11-21,2194.9,30508482.0,27121949931.0,,,
2012-11-22,2177.55,22912351.0,21536153037.0,,,
2012-11-23,2192.68,28667493.0,26307630050.0,,,
2012-11-26,2175.6,24742696.0,22231498412.0,,,
2012-11-27,2150.64,31946746.0,26149735216.0,,,
2012-11-28,2129.16,30009339.0,24423321714.0,,,
2012-11-29,2115.68,29670625.0,24016256021.0,,,
2012-11-30,2139.66,36406911.0,28552066162.0,,,
2012-12-03,2108.85,40186762.0,34173653616.0,,,
2012-12-04,2131.47,36225915.0,31732336903.0,,,
2012-12-05,2207.88,82487103.0,69109050480.0,,,
2012-12-06,2203.6,48574689.0,42758570153.0,,,
2012-12-07,2246.76,76169748.0,64996499283.0,,,
2012-12-10,2271.05,73375475.0,61399772028.0,,,
2012-12-11,2258.5,51468703.0,45087981874.0,,,
2012-12-12,2267.77,45006454.0,39182538242.0,,,
2012-12-13,2242.64,41942100.0,36665684856.0,,,
2012-12-14,2355.86,110892562.0,93934741143.0,,,
2012-12-17,2366.7,94088195.0,85000820332.0,,,
2012-12-18,2368.12,85784849.0,78802837302.0,,,
2012-12-19,2371.11,63292530.0,61140748228.0,,,
2012-12-20,2384.82,65655462.0,63028692015.0,,,
2012-12-21,2372.0,68714158.0,66887708129.0,,,
2012-12-24,2381.22,53087004.0,54121541302.0,,,
2012-12-25,2448.4,95502350.0,89877770350.0,,,
2012-12-26,2457.62,71591828.0,68406242066.0,,,
2012-12-27,2444.59,73255067.0,69327603833.0,,,
2012-12-28,2480.05,67166321.0,66053288179.0,,,
2012-12-31,2522.95,82002293.0,81149079560.0,,,
2013-01-04,2524.41,97988182.0,95579245007.0,,,
2013-01-07,2535.99,75167993.0,73167512509.0,,,
2013-01-08,2525.33,71837100.0,76498061772.0,,,
2013-01-09,2526.13,70231170.0,74233596955.0,,,
2013-01-10,2530.57,71085862.0,71159045499.0,,,
2013-01-11,2483.23,74239176.0,72775921987.0,,,
2013-01-14,2577.73,93554091.0,96853471373.0,,,
2013-01-15,2595.86,98620805.0,101356961358.0,,,
2013-01-16,2577.09,93536084.0,95564995007.0,,,
2013-01-17,2552.76,69915239.0,71716118533.0,,,
2013-01-18,2595.44,77940303.0,77435163470.0,,,
2013-01-21,2610.9,84133742.0,85357442058.0,,,
2013-01-22,2596.9,105766275.0,102261160399.0,,,
2013-01-23,2607.46,75739444.0,72758926411.0,,,
2013-01-24,2582.75,111277172.0,109537680297.0,,,
2013-01-25,2571.67,58487359.0,60689373994.0,,,
2013-01-28,2651.86,91274790.0,98173275704.0,,,
2013-01-29,2675.87,101040229.0,108827009893.0,,,
2013-01-30,2688.71,99874990.0,100856652553.0,,,
2013-01-31,2686.88,96740101.0,94476820552.0,,,
2013-02-01,2743.32,103879515.0,110560933901.0,,,
2013-02-04,2748.03,127939179.0,136119589827.0,,,
2013-02-05,2771.68,116130819.0,112701171610.0,,,
2013-02-06,2775.84,82779271.0,88989578113.0,,,
2013-02-07,2759.87,89978142.0,95978595584.0,,,
2013-02-08,2771.73,77429644.0,82903631783.0,,,
2013-02-18,2737.47,76438227.0,81001366822.0,,,
2013-02-19,2685.61,80626431.0,82460808230.0,,,
2013-02-20,2702.64,70019377.0,73636360656.0,,,
2013-02-21,2610.55,100657984.0,103619498796.0,,,
2013-02-22,2596.6,60204852.0,65899100176.0,,,
2013-02-25,2604.96,53161942.0,55614493314.0,,,
2013-02-26,2567.59,80003065.0,83373960556.0,,,
2013-02-27,2594.68,63226743.0,64612274221.0,,,
2013-02-28,2673.33,86922595.0,92235377254.0,,,
2013-03-01,2668.84,73343753.0,80342747703.0,,,
2013-03-04,2545.72,110619103.0,112585043728.0,,,
2013-03-05,2622.81,89661152.0,92357133815.0,,,
2013-03-06,2650.2,95829652.0,95048891279.0,,,
2013-03-07,2619.48,94082666.0,96498095994.0,,,
2013-03-08,2606.93,59429557.0,63054592405.0,,,
2013-03-11,2592.37,50946436.0,52460900851.0,,,
2013-03-12,2555.61,71935141.0,71675127580.0,,,
2013-03-13,2527.49,56430460.0,56003723639.0,,,
2013-03-14,2534.27,47605756.0,49929775447.0,,,
2013-03-15,2539.87,81372185.0,82749877355.0,,,
2013-03-18,2502.49,59812778.0,63093556699.0,,,
2013-03-19,2525.1,54536476.0,55601011985.0,,,
2013-03-20,2610.17,90700622.0,91271022200.0,,,
2013-03-21,2614.99,69552756.0,71642665537.0,,,
2013-03-22,2618.31,55647141.0,55882142445.0,,,
2013-03-25,2613.1,56261402.0,58004930851.0,,,
2013-03-26,2575.05,63962961.0,65306571624.0,,,
2013-03-27,2583.53,56906517.0,58652246310.0,,,
2013-03-28,2499.3,87578405.0,84725899121.0,,,
2013-03-29,2495.08,52402137.0,52055540480.0,,,
2013-04-01,2493.19,47346022.0,47159820558.0,,,
2013-04-02,2486.39,55684152.0,55637391748.0,,,
2013-04-03,2483.55,45564221.0,45156719409.0,,,
2013-04-08,2472.3,53296772.0,55249297714.0,,,
2013-04-09,2489.43,52389824.0,54947035592.0,,,
2013-04-10,2485.31,47504913.0,51963820632.0,,,
2013-04-11,2477.88,42989958.0,43039949368.0,,,
2013-04-12,2462.11,39917278.0,40428047827.0,,,
2013-04-15,2436.82,46539734.0,44084843341.0,,,
2013-04-16,2459.59,55280613.0,53783255198.0,,,
2013-04-17,2458.47,44692164.0,46800831850.0,,,
2013-04-18,2464.85,42860707.0,46270137159.0,,,
2013-04-19,2533.83,75520876.0,76723675264.0,,,
2013-04-22,2530.67,62511883.0,63027024091.0,,,
2013-04-23,2449.47,60653982.0,61576157889.0,,,
2013-04-24,2495.58,63050916.0,62189421706.0,,,
2013-04-25,2467.88,60557927.0,59891284466.0,,,
2013-04-26,2447.31,47123378.0,46351986661.0,,,
2013-05-02,2449.64,47016088.0,47200448204.0,,,
2013-05-03,2492.91,62330091.0,63267042656.0,,,
2013-05-06,2525.98,60418780.0,61767951099.0,,,
2013-05-07,2529.94,54490643.0,59244949469.0,,,
2013-05-08,2542.8,59554294.0,60309148841.0,,,
2013-05-09,2527.79,60240145.0,64438292561.0,,,
2013-05-10,2540.84,48816728.0,50896689221.0,,,
2013-05-13,2530.77,54092147.0,55155093224.0,,,
2013-05-14,2493.34,54880064.0,56144573527.0,,,
2013-05-15,2506.93,44189660.0,47578585624.0,,,
2013-05-16,2552.71,70796182.0,76830436307.0,,,
2013-05-17,2592.05,81850801.0,83599367908.0,,,
2013-05-20,2609.61,86337803.0,94059415836.0,,,
2013-05-21,2614.85,71505994.0,75837813846.0,,,
2013-05-22,2618.03,74191817.0,78224126421.0,,,
2013-05-23,2582.85,84825370.0,81359908175.0,,,
2013-05-24,2597.23,60739669.0,62831235051.0,,,
2013-05-27,2599.59,64195080.0,66701652802.0,,,
2013-05-28,2644.36,84196112.0,86756736777.0,,,
2013-05-29,2642.56,79277709.0,81953853231.0,,,
2013-05-30,2634.32,70146368.0,71045065872.0,,,
2013-05-31,2606.43,62528533.0,65904433688.0,,,
2013-06-03,2602.62,59774468.0,63008705172.0,,,
2013-06-04,2565.67,66315750.0,63139420045.0,,,
2013-06-05,2560.54,45637193.0,47367057838.0,,,
2013-06-06,2527.84,52496529.0,54448113429.0,,,
2013-06-07,2484.16,61030894.0,61366173745.0,,,
2013-06-13,2399.94,69730066.0,64081598112.0,,,
2013-06-14,2416.77,55964534.0,53686779328.0,,,
2013-06-17,2403.84,50395711.0,51983757469.0,,,
2013-06-18,2418.75,48630379.0,48792090467.0,,,
2013-06-19,2400.76,54346260.0,52979991053.0,,,
2013-06-20,2321.47,55201020.0,52171735063.0,,,
2013-06-21,2317.39,58705798.0,53486132980.0,,,
2013-06-24,2171.21,86597259.0,73731930536.0,,,
2013-06-25,2165.42,107554882.0,87090393952.0,,,
2013-06-26,2168.3,79256426.0,67298430249.0,,,
2013-06-27,2160.74,75406753.0,62927082416.0,,,
2013-06-28,2200.64,79451327.0,64106048718.0,,,
2013-07-01,2213.32,57726227.0,51874735216.0,,,
2013-07-02,2221.98,61838850.0,59632902046.0,,,
2013-07-03,2203.83,65836022.0,59536760190.0,,,
2013-07-04,2221.98,72581145.0,67189379203.0,,,
2013-07-05,2226.85,61821775.0,58424400611.0,,,
2013-07-08,2163.62,54782493.0,49288252039.0,,,
2013-07-09,2162.67,41494433.0,37246189870.0,,,
2013-07-10,2224.06,61149781.0,54373757823.0,,,
2013-07-11,2326.69,125793192.0,111329812773.0,,,
2013-07-12,2275.37,89733082.0,82064555657.0,,,
2013-07-15,2307.3,74757884.0,71796189674.0,,,
2013-07-16,2317.85,65624157.0,62085631916.0,,,
2013-07-17,2282.84,67655248.0,63229061677.0,,,
2013-07-18,2245.33,57144292.0,51937235147.0,,,
2013-07-19,2190.48,70535282.0,66179072656.0,,,
2013-07-22,2202.19,53283495.0,48872947253.0,,,
2013-07-23,2265.84,74809731.0,69255423111.0,,,
2013-07-24,2249.15,69592307.0,69279825849.0,,,
2013-07-25,2237.68,65774316.0,60558362762.0,,,
2013-07-26,2224.01,48941098.0,45636069902.0,,,
2013-07-29,2175.97,54600925.0,49624613440.0,,,
2013-07-30,2189.39,55193623.0,50907227289.0,,,
2013-07-31,2193.02,48327055.0,46723493389.0,,,
2013-08-01,2245.36,62603997.0,58944765673.0,,,
2013-08-02,2247.26,60890893.0,58459999450.0,,,
2013-08-05,2278.33,55342151.0,53623068581.0,,,
2013-08-06,2293.64,73746895.0,68993574807.0,,,
2013-08-07,2280.62,73048695.0,69560482114.0,,,
2013-08-08,2276.78,53098430.0,52710276666.0,,,
2013-08-09,2286.01,64600017.0,62663979060.0,,,
2013-08-12,2352.79,97863216.0,94038910336.0,,,
2013-08-13,2359.07,78393636.0,71178520240.0,,,
2013-08-14,2349.08,75942128.0,71338219589.0,,,
2013-08-15,2321.58,61951853.0,59411203587.0,,,
2013-08-16,2304.14,120369563.0,104026773370.0,,,
2013-08-19,2331.43,72483224.0,67064925390.0,,,
2013-08-20,2312.47,73086345.0,67589707172.0,,,
2013-08-21,2308.59,55007384.0,50886495497.0,,,
2013-08-22,2303.93,55338104.0,51686310590.0,,,
2013-08-23,2286.93,68967133.0,65459845296.0,,,
2013-08-26,2335.62,70371043.0,66541009856.0,,,
2013-08-27,2340.88,65990333.0,62575377643.0,,,
2013-08-28,2328.06,89256174.0,80965562365.0,,,
2013-08-29,2318.31,66085415.0,59719882399.0,,,
2013-08-30,2313.91,87654515.0,76695994654.0,,,
2013-09-02,2320.34,79510249.0,73575869316.0,,,
2013-09-03,2354.5,80554005.0,72663978650.0,,,
2013-09-04,2350.7,78725763.0,68509013842.0,,,
2013-09-05,2341.74,62951383.0,59606065186.0,,,
2013-09-06,2357.78,73340116.0,63916893626.0,,,
2013-09-09,2440.61,149889640.0,127299546171.0,,,
2013-09-10,2474.89,154855992.0,130648129418.0,,,
2013-09-11,2482.89,166914974.0,142830288492.0,,,
2013-09-12,2507.46,145173175.0,126115528291.0,,,
2013-09-13,2488.9,110775049.0,98275004927.0,,,
2013-09-16,2478.39,105383282.0,97043842349.0,,,
2013-09-17,2427.32,99459982.0,93115107921.0,,,
2013-09-18,2432.51,71040759.0,69341324599.0,,,
2013-09-23,2472.29,80128352.0,80920687856.0,,,
2013-09-24,2443.89,97853013.0,96769831421.0,,,
2013-09-25,2429.03,90518418.0,89119216662.0,,,
2013-09-26,2384.44,86236770.0,84183923178.0,,,
2013-09-27,2394.97,65971508.0,66383990191.0,,,
2013-09-30,2409.04,59513992.0,60990141884.0,,,
2013-10-08,2441.81,84785506.0,84229908920.0,,,
2013-10-09,2453.58,76277645.0,76128340887.0,,,
2013-10-10,2429.32,90329706.0,89468020274.0,,,
2013-10-11,2468.51,93388261.0,91811541654.0,,,
2013-10-14,2472.54,100081301.0,99109155920.0,,,
2013-10-15,2467.52,89173496.0,86100822006.0,,,
2013-10-16,2421.37,88979834.0,83150844984.0,,,
2013-10-17,2413.33,71222474.0,67722892391.0,,,
2013-10-18,2426.05,60291630.0,59138754367.0,,,
2013-10-21,2471.32,84909795.0,82223144817.0,,,
2013-10-22,2445.89,90703029.0,83412053857.0,,,
2013-10-23,2418.49,91545355.0,83286778556.0,,,
2013-10-24,2400.51,64560821.0,60427235951.0,,,
2013-10-25,2368.56,77070182.0,70778094834.0,,,
2013-10-28,2365.95,62876152.0,56602098405.0,,,
2013-10-29,2372.05,106737833.0,91741559592.0,,,
2013-10-30,2407.47,92178126.0,75735067216.0,,,
2013-10-31,2373.72,82736964.0,70393879838.0,,,
2013-11-01,2384.96,63055762.0,57820026665.0,,,
2013-11-04,2380.45,51798461.0,48959462043.0,,,
2013-11-05,2383.77,62084488.0,56935549943.0,,,
2013-11-06,2353.57,63776663.0,59536872794.0,,,
2013-11-07,2340.55,54821747.0,50942569626.0,,,
2013-11-08,2307.95,53788508.0,48564999878.0,,,
2013-11-11,2315.89,45739457.0,42566548184.0,,,
2013-11-12,2340.0,52687545.0,49854763423.0,,,
2013-11-13,2288.12,59848831.0,53183050105.0,,,
2013-11-14,2304.5,57310356.0,51945077793.0,,,
2013-11-15,2350.73,86391771.0,83147858433.0,,,
2013-11-18,2428.9,110034633.0,108549512988.0,,,
2013-11-19,2412.16,78648296.0,79884936328.0,,,
2013-11-20,2424.85,72291801.0,67741428196.0,,,
2013-11-21,2409.99,87706677.0,82220527035.0,,,
2013-11-22,2397.96,75000675.0,70052206585.0,,,
2013-11-25,2388.63,66144734.0,63811265014.0,,,
2013-11-26,2387.42,59185864.0,53334204356.0,,,
2013-11-27,2414.48,75294088.0,70744775407.0,,,
2013-11-28,2439.53,90660406.0,86852445384.0,,,
2013-11-29,2438.94,61803746.0,61907374173.0,,,
2013-12-02,2418.79,119655123.0,112921841120.0,,,
2013-12-03,2442.78,74455752.0,72045234174.0,,,
2013-12-04,2475.14,102650235.0,94783931336.0,,,
2013-12-05,2468.2,77708932.0,72999931131.0,,,
2013-12-06,2452.29,66114089.0,64843207895.0,,,
2013-12-09,2450.87,57164884.0,57634539131.0,,,
2013-12-10,2453.32,66941424.0,61236728790.0,,,
2013-12-11,2412.76,68075144.0,62808851026.0,,,
2013-12-12,2410.01,50147719.0,47481447335.0,,,
2013-12-13,2406.64,51501196.0,47583527668.0,,,
2013-12-16,2367.92,64581674.0,62107893611.0,,,
2013-12-17,2356.38,48483891.0,46306075570.0,,,
2013-12-18,2357.23,40015207.0,39675269794.0,,,
2013-12-19,2332.41,48095680.0,45148866928.0,,,
2013-12-20,2278.14,65204207.0,60862129503.0,,,
2013-12-23,2284.6,45580285.0,44415342954.0,,,
2013-12-24,2288.25,45599168.0,45173191422.0,,,
2013-12-25,2305.11,44005326.0,41202984186.0,,,
2013-12-26,2265.33,51497563.0,48603013700.0,,,
2013-12-27,2303.48,53389157.0,51197946376.0,,,
2013-12-30,2299.46,48414308.0,46156442661.0,,,
2013-12-31,2330.03,56631070.0,57026486218.0,,,
2014-01-02,2321.98,45194291.0,49012211124.0,,,
2014-01-03,2290.78,59782645.0,57739709924.0,,,
2014-01-06,2238.64,66300403.0,59979360128.0,,,
2014-01-07,2238.0,43753103.0,42565648108.0,,,
2014-01-08,2241.91,51348854.0,50691488898.0,,,
2014-01-09,2222.22,55987041.0,54399491333.0,,,
2014-01-10,2204.85,54169293.0,47572309533.0,,,
2014-01-13,2193.68,50122772.0,46123003754.0,,,
2014-01-14,2212.85,54049947.0,46785099888.0,,,
2014-01-15,2208.94,48962395.0,45755914348.0,,,
2014-01-16,2211.84,52298902.0,49842784005.0,,,
2014-01-17,2178.49,50273155.0,46268159163.0,,,
2014-01-20,2165.99,40560154.0,39157227541.0,,,
2014-01-21,2187.41,40306247.0,38590992772.0,,,
2014-01-22,2243.8,70641375.0,64803357078.0,,,
2014-01-23,2231.89,56345951.0,55726417393.0,,,
2014-01-24,2245.68,61167670.0,59563444873.0,,,
2014-01-27,2215.92,70344246.0,63503992484.0,,,
2014-01-28,2219.85,53269130.0,49408754555.0,,,
2014-01-29,2227.78,50222717.0,48788682770.0,,,
2014-01-30,2202.45,43632304.0,43475960839.0,,,
2014-02-07,2212.48,50459315.0,49597106433.0,,,
2014-02-10,2267.53,83065716.0,81103244127.0,,,
2014-02-11,2285.56,99229829.0,92688969126.0,,,
2014-02-12,2291.25,76592161.0,73487379679.0,,,
2014-02-13,2279.55,96217789.0,87352124305.0,,,
2014-02-14,2295.57,67082997.0,64613327719.0,,,
2014-02-17,2311.65,87831666.0,86871352624.0,,,
2014-02-18,2282.44,87049743.0,88107267954.0,,,
2014-02-19,2308.66,99352561.0,88341900374.0,,,
2014-02-20,2287.44,106439533.0,91771595713.0,,,
2014-02-21,2264.29,76368993.0,69908188663.0,,,
2014-02-24,2214.51,89215939.0,79599146389.0,,,
2014-02-25,2157.91,93237551.0,88306571728.0,,,
2014-02-26,2163.41,77993297.0,68640581126.0,,,
2014-02-27,2154.11,90104296.0,81587999653.0,,,
2014-02-28,2178.97,76668057.0,70216798972.0,,,
2014-03-03,2190.37,82072314.0,69408739897.0,,,
2014-03-04,2184.27,73069250.0,64691438035.0,,,
2014-03-05,2163.98,61332015.0,55669679402.0,,,
2014-03-06,2173.63,69093767.0,61495023657.0,,,
2014-03-07,2168.36,64265177.0,58693177974.0,,,
2014-03-10,2097.79,71416407.0,63086412572.0,,,
2014-03-11,2108.66,57621243.0,53075782462.0,,,
2014-03-12,2114.13,70069747.0,60115239174.0,,,
2014-03-13,2140.33,69226028.0,59163094375.0,,,
2014-03-14,2122.84,58617737.0,49805247510.0,,,
2014-03-17,2143.04,52409445.0,47571288733.0,,,
2014-03-18,2138.13,55354132.0,54188441365.0,,,
2014-03-19,2120.87,59303905.0,55283943974.0,,,
2014-03-20,2086.97,67631285.0,58951601970.0,,,
2014-03-21,2158.8,104024807.0,83560511769.0,,,
2014-03-24,2176.55,104491984.0,81203913733.0,,,
2014-03-25,2174.44,86877510.0,67548473561.0,,,
2014-03-26,2171.05,58276176.0,50116023097.0,,,
2014-03-27,2155.71,71275132.0,62175860350.0,,,
2014-03-28,2151.97,70086073.0,60123341093.0,,,
2014-03-31,2146.3,55457488.0,48105020054.0,,,
2014-04-01,2163.11,48866403.0,43659064291.0,,,
2014-04-02,2180.73,65039257.0,56777151867.0,,,
2014-04-03,2165.01,71536032.0,57708859685.0,,,
2014-04-04,2185.47,47945888.0,43912624261.0,,,
2014-04-08,2237.32,97219117.0,85692893370.0,,,
2014-04-09,2238.62,66357268.0,61178630422.0,,,
2014-04-10,2273.76,114545405.0,101616815025.0,,,
2014-04-11,2270.67,90615897.0,86154853765.0,,,
2014-04-14,2268.61,62264998.0,60254151500.0,,,
2014-04-15,2229.46,68218130.0,62599115638.0,,,
2014-04-16,2232.53,51678010.0,47770218198.0,,,
2014-04-17,2224.8,48333628.0,45096433749.0,,,
2014-04-18,2224.48,50757995.0,45709617096.0,,,
2014-04-21,2187.25,56278280.0,51856112765.0,,,
2014-04-22,2196.79,57094694.0,52351993061.0,,,
2014-04-23,2194.67,47763531.0,45191150830.0,,,
2014-04-24,2190.47,45058911.0,41927012945.0,,,
2014-04-25,2167.83,60245383.0,52092022381.0,,,
2014-04-28,2134.97,60485187.0,49998809829.0,,,
2014-04-29,2158.47,48204931.0,41550353157.0,,,
2014-04-30,2158.66,45334624.0,39493022295.0,,,
2014-05-05,2156.47,49344073.0,41470449799.0,,,
2014-05-06,2157.33,48086519.0,41486451628.0,,,
2014-05-07,2137.32,44607470.0,37751019661.0,,,
2014-05-08,2135.5,48332452.0,40729772017.0,,,
2014-05-09,2133.91,49181135.0,40242745273.0,,,
2014-05-12,2180.05,83472560.0,66275508636.0,,,
2014-05-13,2174.85,64912518.0,50241276089.0,,,
2014-05-14,2172.37,48514206.0,39214123931.0,,,
2014-05-15,2144.08,46734032.0,38938529216.0,,,
2014-05-16,2145.95,42253197.0,34987586802.0,,,
2014-05-19,2115.14,42893607.0,37135950607.0,,,
2014-05-20,2115.77,37299683.0,31576339037.0,,,
2014-05-21,2135.91,38946042.0,32246807970.0,,,
2014-05-22,2130.87,46252736.0,39227549718.0,,,
2014-05-23,2148.41,37623105.0,32420020159.0,,,
2014-05-26,2155.98,39550656.0,37788482728.0,,,
2014-05-27,2147.28,35897171.0,32374256462.0,,,
2014-05-28,2169.35,50056260.0,45627619375.0,,,
2014-05-29,2155.16,44891556.0,41076912680.0,,,
2014-05-30,2156.46,43923863.0,39769199791.0,,,
2014-06-03,2149.92,41982954.0,37906226058.0,,,
2014-06-04,2128.27,41817249.0,35607022812.0,,,
2014-06-05,2150.6,36477424.0,33050774675.0,,,
2014-06-06,2134.72,35738058.0,32415599488.0,,,
2014-06-09,2134.28,39311060.0,35326732064.0,,,
2014-06-10,2161.27,50507902.0,44416141206.0,,,
2014-06-11,2160.77,42563718.0,37311080748.0,,,
2014-06-12,2153.41,43025843.0,37252041741.0,,,
2014-06-13,2176.24,59252876.0,51765511450.0,,,
2014-06-16,2191.85,63296875.0,56904298384.0,,,
2014-06-17,2169.67,49933665.0,46244977817.0,,,
2014-06-18,2160.24,49463897.0,42538095511.0,,,
2014-06-19,2126.91,53162645.0,46029744918.0,,,
2014-06-20,2136.73,42393719.0,35425712925.0,,,
2014-06-23,2134.11,41179258.0,37112428752.0,,,
2014-06-24,2144.82,40164356.0,38778505304.0,,,
2014-06-25,2133.37,37666100.0,33809315524.0,,,
2014-06-26,2149.08,44351166.0,40601836632.0,,,
2014-06-27,2150.26,52722896.0,45525673947.0,,,
2014-06-30,2165.12,54304188.0,50277570814.0,,,
2014-07-01,2164.56,53323100.0,49936284309.0,,,
2014-07-02,2170.87,59685501.0,53273658927.0,,,
2014-07-03,2180.19,63690690.0,56024939299.0,,,
2014-07-04,2178.7,52851106.0,47990033413.0,,,
2014-07-07,2176.29,50242334.0,47663876919.0,,,
2014-07-08,2180.47,50743599.0,46017266874.0,,,
2014-07-09,2148.71,62022046.0,58980248398.0,,,
2014-07-10,2142.85,55732497.0,50931668887.0,,,
2014-07-11,2148.01,61374274.0,51551825645.0,,,
2014-07-14,2171.76,66158863.0,60467088864.0,,,
2014-07-15,2174.98,71815694.0,64304875149.0,,,
2014-07-16,2170.87,81560230.0,61126054498.0,,,
2014-07-17,2157.07,59453568.0,46354646289.0,,,
2014-07-18,2164.14,65473295.0,53758919136.0,,,
2014-07-21,2166.29,54172260.0,47731629577.0,,,
2014-07-22,2192.7,78542583.0,66806114430.0,,,
2014-07-23,2197.83,84213872.0,69177998063.0,,,
2014-07-24,2237.01,119435534.0,99964367602.0,,,
2014-07-25,2260.45,98972838.0,81994560081.0,,,
2014-07-28,2323.9,179869333.0,145277424291.0,,,
2014-07-29,2331.37,134269641.0,112176546316.0,,,
2014-07-30,2322.01,123022832.0,103362308865.0,,,
2014-07-31,2350.25,110987769.0,93135566963.0,,,
2014-08-01,2329.4,126317390.0,106125190266.0,,,
2014-08-04,2375.62,116713754.0,101301888277.0,,,
2014-08-05,2369.35,111861789.0,97906971246.0,,,
2014-08-06,2363.22,116341829.0,96681298733.0,,,
2014-08-07,2327.46,116729210.0,94254453994.0,,,
2014-08-08,2331.13,86739694.0,72605666133.0,,,
2014-08-11,2365.35,91601171.0,82973900360.0,,,
2014-08-12,2357.05,91822608.0,82973769642.0,,,
2014-08-13,2358.9,110447789.0,94185266458.0,,,
2014-08-14,2335.95,97969493.0,84251435869.0,,,
2014-08-15,2360.64,93592546.0,81888217001.0,,,
2014-08-18,2374.56,104509554.0,90148909855.0,,,
2014-08-19,2374.77,115850020.0,102742759960.0,,,
2014-08-20,2366.14,101288088.0,91374802730.0,,,
2014-08-21,2354.24,100690211.0,92192063269.0,,,
2014-08-22,2365.36,89823938.0,85642463757.0,,,
2014-08-25,2342.86,97373717.0,85182493960.0,,,
2014-08-26,2324.09,93844222.0,83135033150.0,,,
2014-08-27,2327.59,67676221.0,62448675179.0,,,
2014-08-28,2311.28,70490655.0,66195966855.0,,,
2014-08-29,2338.29,63211423.0,58359967752.0,,,
2014-09-01,2355.32,77320870.0,73362240553.0,,,
2014-09-02,2386.46,114436733.0,106925790139.0,,,
2014-09-03,2408.84,129734204.0,123629189433.0,,,
2014-09-04,2426.22,111272298.0,108294703239.0,,,
2014-09-05,2449.26,133551764.0,123349320057.0,,,
2014-09-09,2445.22,118194344.0,107795213548.0,,,
2014-09-10,2432.43,109175517.0,97472682969.0,,,
2014-09-11,2423.45,132982583.0,127203381658.0,,,
2014-09-12,2438.36,109160170.0,96625765409.0,,,
2014-09-15,2437.19,122247159.0,112507690398.0,,,
2014-09-16,2388.76,186742791.0,147250169859.0,,,
2014-09-17,2401.33,125269028.0,98039470145.0,,,
2014-09-18,2408.66,115926376.0,92105332013.0,,,
2014-09-19,2425.21,101813577.0,88221038707.0,,,
2014-09-22,2378.92,102240870.0,88958056522.0,,,
2014-09-23,2399.46,84033341.0,75463683722.0,,,
2014-09-24,2441.86,142713530.0,120389934642.0,,,
2014-09-25,2436.97,138661891.0,119612625726.0,,,
2014-09-26,2437.2,100299494.0,87757377938.0,,,
2014-09-29,2447.8,123401727.0,111463779824.0,,,
2014-09-30,2450.99,115804229.0,101906558841.0,,,
2014-10-08,2478.38,121953604.0,116500107810.0,,,
2014-10-09,2481.96,137923920.0,120752628433.0,,,
2014-10-10,2466.79,147634307.0,121924973049.0,,,
2014-10-13,2454.95,131593362.0,112784478808.0,,,
2014-10-14,2446.56,127393705.0,106356643094.0,,,
2014-10-15,2463.87,135801882.0,114837290107.0,,,
2014-10-16,2444.4,158166603.0,128340525473.0,,,
2014-10-17,2441.73,132759988.0,112685625525.0,,,
2014-10-20,2454.71,91435401.0,84843604900.0,,,
2014-10-21,2433.39,96241912.0,86622201933.0,,,
2014-10-22,2418.64,88656193.0,82251744245.0,,,
2014-10-23,2395.94,103491839.0,86045452830.0,,,
2014-10-24,2390.71,74974869.0,65601225156.0,,,
2014-10-27,2368.83,73862447.0,65956480803.0,,,
2014-10-28,2416.65,101523055.0,90529903107.0,,,
2014-10-29,2451.38,158584062.0,134541723619.0,,,
2014-10-30,2468.93,189626353.0,139157358014.0,,,
2014-10-31,2508.32,239172412.0,181604617039.0,,,
2014-11-03,2512.55,205801228.0,151406835108.0,,,
2014-11-04,2513.17,218247005.0,155291882550.0,,,
2014-11-05,2503.45,190491862.0,146130895120.0,,,
2014-11-06,2506.07,149651117.0,118839203631.0,,,
2014-11-07,2502.15,208760911.0,176868665325.0,,,
2014-11-10,2565.73,226599735.0,187612569248.0,,,
2014-11-11,2558.61,323711656.0,265840509803.0,,,
2014-11-12,2594.32,184686261.0,157847382809.0,,,
2014-11-13,2579.75,219815615.0,192985452900.0,,,
2014-11-14,2581.09,165049965.0,145409933865.0,,,
2014-11-17,2567.1,158478095.0,147724645089.0,,,
2014-11-18,2541.42,142941356.0,124246649435.0,,,
2014-11-19,2537.22,122146974.0,113031721938.0,,,
2014-11-20,2537.1,106149864.0,98145538650.0,,,
2014-11-21,2583.46,151028139.0,143750813260.0,,,
2014-11-24,2649.26,279839720.0,264974912281.0,,,
2014-11-25,2685.56,222611699.0,206879208489.0,,,
2014-11-26,2723.02,243962485.0,239333899163.0,,,
2014-11-27,2754.49,265464730.0,261164877169.0,,,
2014-11-28,2808.82,375323662.0,330256023242.0,,,
2014-12-01,2819.81,365487417.0,338833084229.0,,,
2014-12-02,2923.94,361465322.0,341185189116.0,,,
2014-12-03,2967.55,466156685.0,464857500377.0,,,
2014-12-04,3104.35,426812928.0,433875560243.0,,,
2014-12-05,3124.89,524881260.0,554362904944.0,,,
2014-12-08,3252.88,484462344.0,515773683037.0,,,
2014-12-09,3106.91,632874567.0,702150099247.0,,,
2014-12-10,3221.55,425018708.0,477300103105.0,,,
2014-12-11,3183.01,367091691.0,392944833604.0,,,
2014-12-12,3193.23,301065325.0,337817436996.0,,,
2014-12-15,3217.23,290193834.0,326668040798.0,,,
2014-12-16,3303.4,358123847.0,425665729151.0,,,
2014-12-17,3360.6,448140770.0,527748937956.0,,,
2014-12-18,3345.93,355970207.0,416260448852.0,,,
2014-12-19,3383.17,411211590.0,435516864940.0,,,
2014-12-22,3394.48,549801671.0,537021101759.0,,,
2014-12-23,3324.92,369736093.0,377227774057.0,,,
2014-12-24,3230.39,317449587.0,339475799573.0,,,
2014-12-25,3335.42,309799547.0,330128939928.0,,,
2014-12-26,3445.84,384614124.0,438838427110.0,,,
2014-12-29,3455.46,425015037.0,505004508391.0,,,
2014-12-30,3457.55,328233873.0,394607772399.0,,,
2014-12-31,3533.71,345934760.0,403710888146.0,,,
2016-01-04,3469.07,115370674.0,145968206095.0,,,
2016-01-05,3478.78,162116984.0,196017085879.0,,,
2016-01-06,3539.81,145966144.0,160947198402.0,,,
2016-01-07,3294.38,44102641.0,47130795628.0,,,
2016-01-08,3361.56,185959451.0,203498868289.0,,,
2016-01-11,3192.45,174638387.0,184464050180.0,,,
2016-01-12,3215.71,128225796.0,142048909710.0,,,
2016-01-13,3155.88,120666494.0,130886082444.0,,,
2016-01-14,3221.57,134537671.0,144771580596.0,,,
2016-01-15,3118.73,124601779.0,131882737252.0,,,
2016-01-18,3130.73,101128386.0,109458287764.0,,,
2016-01-19,3223.12,127653893.0,142907686296.0,,,
2016-01-20,3174.38,130650504.0,143313337192.0,,,
2016-01-21,3081.35,111189733.0,121856195433.0,,,
2016-01-22,3113.46,89951087.0,96885673842.0,,,
2016-01-25,3128.89,81540061.0,85777891364.0,,,
2016-01-26,2940.51,126933921.0,127250652518.0,,,
2016-01-27,2930.35,132229366.0,126997670778.0,,,
2016-01-28,2853.76,99222756.0,95663874927.0,,,
2016-01-29,2946.09,113304259.0,109462356680.0,,,
2016-02-01,2901.05,86795342.0,82931453498.0,,,
2016-02-02,2961.33,88601963.0,88740230428.0,,,
2016-02-03,2948.64,77389000.0,74817092259.0,,,
2016-02-04,2984.76,91779724.0,91550346872.0,,,
2016-02-05,2963.79,76850808.0,77443222334.0,,,
2016-02-15,2946.71,72919434.0,71285049141.0,,,
2016-02-16,3037.04,112579643.0,112300492317.0,,,
2016-02-17,3063.32,128291607.0,122279340234.0,,,
2016-02-18,3053.7,124401464.0,122618612161.0,,,
2016-02-19,3051.58,87338012.0,90849341804.0,,,
2016-02-22,3118.87,140946968.0,141684080627.0,,,
2016-02-23,3089.36,112567391.0,117476469063.0,,,
2016-02-24,3109.55,111782650.0,112918607549.0,,,
2016-02-25,2918.75,157829752.0,153493008194.0,,,
2016-02-26,2948.03,106949729.0,102531571946.0,,,
2016-02-29,2877.47,129341020.0,118440829598.0,,,
2016-03-01,2930.69,116045918.0,110491037808.0,,,
2016-03-02,3051.33,175972347.0,164025161471.0,,,
2016-03-03,3058.42,173105744.0,165509087742.0,,,
2016-03-04,3093.89,219172534.0,205520475543.0,,,
2016-03-07,3104.84,132462037.0,127790344488.0,,,
2016-03-08,3107.67,136235742.0,128758488144.0,,,
2016-03-09,3071.91,111466245.0,106298652785.0,,,
2016-03-10,3013.15,76072197.0,78180468559.0,,,
2016-03-11,3018.28,73333564.0,74367296548.0,,,
2016-03-14,3065.69,117108655.0,123539094703.0,,,
2016-03-15,3074.78,98311941.0,101302845698.0,,,
2016-03-16,3090.03,124736448.0,126128854001.0,,,
2016-03-17,3124.2,121661777.0,136603715775.0,,,
2016-03-18,3171.96,197302564.0,210017810346.0,,,
2016-03-21,3249.44,233269464.0,256836636273.0,,,
2016-03-22,3225.79,161020897.0,194211982989.0,,,
2016-03-23,3236.09,125679286.0,155567074583.0,,,
2016-03-24,3181.85,133131122.0,162436036415.0,,,
2016-03-25,3197.82,97395330.0,115195604431.0,,,
2016-03-28,3169.73,103441933.0,123844044128.0,,,
2016-03-29,3135.41,97294747.0,113844280553.0,,,
2016-03-30,3216.28,117802512.0,140721774451.0,,,
2016-03-31,3218.09,121552074.0,147267617416.0,,,
2016-04-01,3221.89,118122139.0,127050098456.0,,,
2016-04-05,3264.49,146047772.0,159296543667.0,,,
2016-04-06,3257.53,120196305.0,137206268587.0,,,
2016-04-07,3209.29,112409467.0,128273067720.0,,,
2016-04-08,3185.73,101005625.0,113920716519.0,,,
2016-04-11,3230.1,125212709.0,142759491340.0,,,
2016-04-12,3218.45,92869437.0,99086557951.0,,,
2016-04-13,3261.38,195613866.0,200159601290.0,,,
2016-04-14,3275.83,113157327.0,117989443450.0,,,
2016-04-15,3272.21,99807529.0,107963982334.0,,,
2016-04-18,3228.45,97090069.0,103956150095.0,,,
2016-04-19,3238.3,80871440.0,90976236261.0,,,
2016-04-20,3181.03,162207858.0,172324694469.0,,,
2016-04-21,3160.6,104752651.0,110324379038.0,,,
2016-04-22,3174.9,77078492.0,82442921903.0,,,
2016-04-25,3162.03,67519351.0,74734848036.0,,,
2016-04-26,3179.16,59020734.0,68871554173.0,,,
2016-04-27,3165.92,60004147.0,70620405995.0,,,
2016-04-28,3160.58,69870660.0,78876767222.0,,,
2016-04-29,3156.75,58029776.0,70807704222.0,,,
2016-05-03,3213.54,98164835.0,115733867591.0,,,
2016-05-04,3209.46,90862408.0,97797134813.0,,,
2016-05-05,3213.92,74733681.0,83946496908.0,,,
2016-05-06,3130.35,108680240.0,119265216104.0,,,
2016-05-09,3065.62,99230477.0,100409213488.0,,,
2016-05-10,3069.11,68849935.0,70650764147.0,,,
2016-05-11,3082.81,81794258.0,87323408342.0,,,
2016-05-12,3090.14,78765726.0,81418792606.0,,,
2016-05-13,3074.94,62629755.0,65850995649.0,,,
2016-05-16,3095.31,59461856.0,64405200020.0,,,
2016-05-17,3086.02,65278125.0,75389385458.0,,,
2016-05-18,3068.04,82715369.0,88458847115.0,,,
2016-05-19,3062.5,60444166.0,68679060392.0,,,
2016-05-20,3078.22,56080842.0,65124251092.0,,,
2016-05-23,3087.22,59697216.0,70337514484.0,,,
2016-05-24,3063.56,58734385.0,61106015446.0,,,
2016-05-25,3059.23,56652803.0,63316562530.0,,,
2016-05-26,3064.21,60392981.0,65985183919.0,,,
2016-05-27,3062.5,60468750.0,59371777079.0,,,
2016-05-30,3066.71,63098579.0,63496565009.0,,,
2016-05-31,3169.56,138863111.0,151398175957.0,,,
2016-06-01,3160.55,113148482.0,131700821152.0,,,
2016-06-02,3167.1,86003427.0,97093625345.0,,,
2016-06-03,3189.33,101491783.0,136332027087.0,,,
2016-06-06,3178.79,76693751.0,101176231366.0,,,
2016-06-07,3177.05,68928314.0,88711618425.0,,,
2016-06-08,3163.99,76291775.0,97682790861.0,,,
2016-06-13,3066.34,92975947.0,114091320004.0,,,
2016-06-14,3075.98,66279457.0,78622305350.0,,,
2016-06-15,3116.37,87393257.0,106170177872.0,,,
2016-06-16,3094.67,82974703.0,93496238871.0,,,
2016-06-17,3110.36,85402985.0,97953389320.0,,,
2016-06-20,3112.67,63587141.0,74647802462.0,,,
2016-06-21,3106.32,87965345.0,107233643632.0,,,
2016-06-22,3133.96,66487113.0,81348715848.0,,,
2016-06-23,3117.32,67751738.0,81732552159.0,,,
2016-06-24,3077.16,104792208.0,118967441702.0,,,
2016-06-27,3120.54,83267259.0,104066083791.0,,,
2016-06-28,3136.4,92024637.0,117197791504.0,,,
2016-06-29,3151.39,103723668.0,117958861189.0,,,
2016-06-30,3153.92,79692617.0,100627912925.0,,,
2016-07-01,3154.2,71746283.0,91215027688.0,,,
2016-07-04,3204.7,133310529.0,149894780037.0,,,
2016-07-05,3207.38,130226895.0,143899100428.0,,,
2016-07-06,3216.8,124897458.0,147232471496.0,,,
2016-07-07,3209.95,118595202.0,140488833675.0,,,
2016-07-08,3192.28,89734855.0,111063465417.0,,,
2016-07-11,3203.33,138529511.0,155288151673.0,,,
2016-07-12,3273.18,172534217.0,190853738897.0,,,
2016-07-13,3282.87,175196090.0,196592300322.0,,,
2016-07-14,3276.76,107525798.0,128090420917.0,,,
2016-07-15,3276.28,102665026.0,125179812929.0,,,
2016-07-18,3262.02,110312518.0,129785706199.0,,,
2016-07-19,3248.23,88886861.0,107108911172.0,,,
2016-07-20,3237.6,72701255.0,91367448994.0,,,
2016-07-21,3252.52,86004825.0,107464072513.0,,,
2016-07-22,3225.16,86029128.0,107416887320.0,,,
2016-07-25,3230.89,70203185.0,92015844035.0,,,
2016-07-26,3269.59,81051089.0,103745762758.0,,,
2016-07-27,3218.24,160188665.0,186928366498.0,,,
2016-07-28,3221.14,112779964.0,137295892753.0,,,
2016-07-29,3203.93,88044837.0,103787029748.0,,,
2016-08-01,3176.81,87003497.0,98818634361.0,,,
2016-08-02,3189.05,62167639.0,70640763842.0,,,
2016-08-03,3193.51,72864102.0,79754323301.0,,,
2016-08-04,3201.29,73504373.0,86919591121.0,,,
2016-08-05,3205.11,77196366.0,94429542391.0,,,
2016-08-08,3234.18,86676051.0,102638114597.0,,,
2016-08-09,3256.98,91065259.0,105924052436.0,,,
2016-08-10,3243.34,90430372.0,106157448028.0,,,
2016-08-11,3233.36,101041213.0,116996159046.0,,,
2016-08-12,3294.23,116254044.0,129354686387.0,,,
2016-08-15,3393.42,220543421.0,258897463910.0,,,
2016-08-16,3378.25,196389740.0,226785231085.0,,,
2016-08-17,3373.05,138847688.0,167917530856.0,,,
2016-08-18,3364.49,142380169.0,172256533000.0,,,
2016-08-19,3365.02,119961508.0,135382706293.0,,,
2016-08-22,3336.79,107951008.0,128201783812.0,,,
2016-08-23,3341.83,92924516.0,108503692377.0,,,
2016-08-24,3329.86,81191429.0,94012832200.0,,,
2016-08-25,3308.97,100589153.0,112578140010.0,,,
2016-08-26,3307.09,81530691.0,93213205560.0,,,
2016-08-29,3307.78,77036333.0,88011642022.0,,,
2016-08-30,3311.99,75725987.0,89513016667.0,,,
2016-08-31,3327.79,79570805.0,99215044445.0,,,
2016-09-01,3301.58,84947219.0,100911462823.0,,,
2016-09-02,3314.11,82791803.0,99396378584.0,,,
2016-09-05,3319.68,78292477.0,87531089645.0,,,
2016-09-06,3342.63,98283998.0,118366533426.0,,,
2016-09-07,3340.82,102940106.0,115119908617.0,,,
2016-09-08,3339.56,71916158.0,83742346850.0,,,
2016-09-09,3318.04,82657036.0,95471188732.0,,,
2016-09-12,3262.6,122917682.0,134456630927.0,,,
2016-09-13,3260.33,67180288.0,76862644231.0,,,
2016-09-14,3238.73,70432697.0,79780746436.0,,,
2016-09-19,3263.12,58831082.0,67678031642.0,,,
2016-09-20,3257.4,52784206.0,61626150818.0,,,
2016-09-21,3266.64,59142979.0,68957744044.0,,,
2016-09-22,3291.12,75753542.0,89991761655.0,,,
2016-09-23,3275.67,57993986.0,68046257250.0,,,
2016-09-26,3220.28,70452186.0,78700835132.0,,,
2016-09-27,3240.75,58460550.0,66651130361.0,,,
2016-09-28,3230.89,44727498.0,51996404752.0,,,
2016-09-29,3244.39,55452556.0,62220302312.0,,,
2016-09-30,3253.28,44978022.0,52655734553.0,,,
2016-10-10,3293.87,80519260.0,89607989896.0,,,
2016-10-11,3306.56,87713163.0,88213421183.0,,,
2016-10-12,3300.01,68669781.0,72386912616.0,,,
2016-10-13,3302.65,81224198.0,79923748596.0,,,
2016-10-14,3305.85,82316271.0,81485597806.0,,,
2016-10-17,3277.88,86113509.0,88199418936.0,,,
2016-10-18,3321.33,102860714.0,104625044142.0,,,
2016-10-19,3316.24,101167725.0,96354442199.0,,,
2016-10-20,3318.6,79238871.0,82481095277.0,,,
2016-10-21,3327.74,109785176.0,107114926126.0,,,
2016-10-24,3367.58,153014345.0,150063007899.0,,,
2016-10-25,3367.45,111191693.0,110576512916.0,,,
2016-10-26,3354.8,98024786.0,104719318220.0,,,
2016-10-27,3345.7,77629851.0,85241012414.0,,,
2016-10-28,3340.13,93133309.0,104797971448.0,,,
2016-10-31,3336.28,71352863.0,80701820968.0,,,
2016-11-01,3359.05,74938199.0,84717683750.0,,,
2016-11-02,3333.35,91197104.0,100348995733.0,,,
2016-11-03,3365.08,126223504.0,137386468361.0,,,
2016-11-04,3354.17,104069655.0,110813764577.0,,,
2016-11-07,3356.59,99877988.0,94370876771.0,,,
2016-11-08,3371.12,103148282.0,105138256061.0,,,
2016-11-09,3353.05,139110059.0,145186921690.0,,,
2016-11-10,3390.61,134705535.0,133277399553.0,,,
2016-11-11,3417.22,198781496.0,190647270040.0,,,
2016-11-14,3430.25,213247105.0,208353308629.0,,,
2016-11-15,3429.87,134566320.0,135206770523.0,,,
2016-11-16,3429.59,129808511.0,128944599173.0,,,
2016-11-17,3436.53,121561731.0,121576882948.0,,,
2016-11-18,3417.46,115951205.0,117345607612.0,,,
2016-11-21,3441.11,146434529.0,147542589349.0,,,
2016-11-22,3468.36,168523446.0,167250665827.0,,,
2016-11-23,3474.73,162388504.0,171247116196.0,,,
2016-11-24,3488.74,145746301.0,165071453531.0,,,
2016-11-25,3521.3,153621506.0,166832181108.0,,,
2016-11-28,3535.08,207375483.0,219859766828.0,,,
2016-11-29,3564.04,236918356.0,248322816339.0,,,
2016-11-30,3538.0,178560178.0,190681227631.0,,,
2016-12-01,3565.04,180170761.0,199637742998.0,,,
2016-12-02,3528.95,196355480.0,203742147476.0,,,
2016-12-05,3469.41,180852355.0,190175061733.0,,,
2016-12-06,3459.15,115529090.0,125727753193.0,,,
2016-12-07,3475.75,114345103.0,115282194223.0,,,
2016-12-08,3470.14,117383922.0,119188508676.0,,,
2016-12-09,3493.7,150303308.0,152674867707.0,,,
2016-12-12,3409.18,187467751.0,199163540831.0,,,
2016-12-13,3405.04,121105097.0,124454188749.0,,,
2016-12-14,3378.95,124007744.0,126182669414.0,,,
2016-12-15,3340.43,114960660.0,121507811540.0,,,
2016-12-16,3346.03,90775422.0,98112206845.0,,,
2016-12-19,3328.98,81640678.0,86095693838.0,,,
2016-12-20,3309.06,87569592.0,88527345889.0,,,
2016-12-21,3338.54,108254995.0,106205485213.0,,,
2016-12-22,3335.67,92277249.0,92564877570.0,,,
2016-12-23,3307.6,97444713.0,99575473231.0,,,
2016-12-26,3322.4,89793982.0,95493219936.0,,,
2016-12-27,3316.39,75486359.0,79617133030.0,,,
2016-12-28,3301.89,69000437.0,71759839566.0,,,
2016-12-29,3297.76,70087923.0,75972960431.0,,,
2016-12-30,3310.08,71744116.0,76921368838.0,,,
2017-01-03,3342.23,86567896.0,87612765768.0,,,
2017-01-04,3368.31,90050827.0,98014355468.0,,,
2017-01-05,3367.79,88336357.0,91189339582.0,,,
2017-01-06,3347.67,87459114.0,91072256748.0,,,
2017-01-09,3363.9,83707942.0,87916115243.0,,,
2017-01-10,3358.27,83819160.0,82533965080.0,,,
2017-01-11,3334.5,91071438.0,86750457122.0,,,
2017-01-12,3317.62,81239135.0,75031886874.0,,,
2017-01-13,3319.91,84180589.0,84556101403.0,,,
2017-01-16,3319.45,157779135.0,153262520121.0,,,
2017-01-17,3326.36,69453328.0,74754505696.0,,,
2017-01-18,3339.37,70623227.0,75680677264.0,,,
2017-01-19,3329.29,66159808.0,63869709163.0,,,
2017-01-20,3354.89,65300462.0,70831324310.0,,,
2017-01-23,3364.08,75557498.0,76492660154.0,,,
2017-01-24,3364.45,66194226.0,66049651289.0,,,
2017-01-25,3375.9,58376931.0,62483395802.0,,,
2017-01-26,3387.96,65316647.0,66488818305.0,,,
2017-02-03,3364.49,55188861.0,57113853255.0,,,
2017-02-06,3373.21,68521360.0,73408134768.0,,,
2017-02-07,3365.68,63754462.0,69758178999.0,,,
2017-02-08,3383.29,75402879.0,82869735773.0,,,
2017-02-09,3396.29,97558515.0,102134228699.0,,,
2017-02-10,3413.49,123768720.0,121908580284.0,,,
2017-02-13,3436.27,120144538.0,125332998844.0,,,
2017-02-14,3435.8,94809465.0,98537165438.0,,,
2017-02-15,3421.71,127643338.0,124653179488.0,,,
2017-02-16,3440.93,108276962.0,101809767504.0,,,
2017-02-17,3421.44,114600036.0,118033129670.0,,,
2017-02-20,3471.39,132628862.0,134681505159.0,,,
2017-02-21,3482.82,114842009.0,120675429543.0,,,
2017-02-22,3489.76,102815994.0,109232425841.0,,,
2017-02-23,3473.32,99536330.0,106555922466.0,,,
2017-02-24,3473.85,95535133.0,99875164759.0,,,
2017-02-27,3446.22,98672160.0,106830874529.0,,,
2017-02-28,3452.81,75215260.0,81979307361.0,,,
2017-03-01,3458.44,103260354.0,109317781348.0,,,
2017-03-02,3435.1,89898077.0,97876187925.0,,,
2017-03-03,3427.86,80994652.0,90009618835.0,,,
2017-03-06,3446.48,83070882.0,95178548496.0,,,
2017-03-07,3453.96,80334720.0,94483824245.0,,,
2017-03-08,3448.73,79587690.0,89124904682.0,,,
2017-03-09,3426.94,84570381.0,90090049490.0,,,
2017-03-10,3427.89,70016199.0,82161714923.0,,,
2017-03-13,3458.1,91684124.0,108489140923.0,,,
2017-03-14,3456.69,77077963.0,95317564129.0,,,
2017-03-15,3463.64,79104954.0,94056256667.0,,,
2017-03-16,3481.51,106333913.0,124695573677.0,,,
2017-03-17,3445.81,103755560.0,122368918550.0,,,
2017-03-20,3449.61,88734322.0,103769403897.0,,,
2017-03-21,3466.35,87707855.0,113528201390.0,,,
2017-03-22,3450.05,104935894.0,123865640377.0,,,
2017-03-23,3461.98,94318062.0,115813813702.0,,,
2017-03-24,3489.6,125645833.0,141752526681.0,,,
2017-03-27,3478.04,107015377.0,124388012134.0,,,
2017-03-28,3469.81,84194820.0,97495938765.0,,,
2017-03-29,3465.19,104851706.0,114663468279.0,,,
2017-03-30,3436.76,116376922.0,122088021630.0,,,
2017-03-31,3456.05,91577491.0,100984904830.0,,,
2017-04-05,3503.89,143399017.0,160742981172.0,,,
2017-04-06,3514.05,136767004.0,145221644165.0,,,
2017-04-07,3517.46,140293204.0,144559675567.0,,,
2017-04-10,3505.14,141887380.0,155747834572.0,,,
2017-04-11,3517.33,165945832.0,189457268655.0,,,
2017-04-12,3509.44,181824537.0,202154571423.0,,,
2017-04-13,3514.57,129981813.0,133345929014.0,,,
2017-04-14,3486.5,135474078.0,130425385379.0,,,
2017-04-17,3479.94,117164961.0,123884371227.0,,,
2017-04-18,3462.74,110927823.0,126790853425.0,,,
2017-04-19,3445.88,121349264.0,127050362407.0,,,
2017-04-20,3461.55,114184208.0,133977258346.0,,,
2017-04-21,3466.79,104419110.0,115208831746.0,,,
2017-04-24,3431.26,114660791.0,122778154321.0,,,
2017-04-25,3440.97,94072148.0,107599357209.0,,,
2017-04-26,3445.18,111940029.0,131316579235.0,,,
2017-04-27,3446.72,123298425.0,134610947828.0,,,
2017-04-28,3439.75,101632351.0,113761006698.0,,,
2017-05-02,3426.58,92797462.0,101635858602.0,,,
2017-05-03,3413.13,91669624.0,97854119098.0,,,
2017-05-04,3404.39,103482075.0,106985952575.0,,,
2017-05-05,3382.55,109895333.0,117464939578.0,,,
2017-05-08,3358.81,123749287.0,126885426472.0,,,
2017-05-09,3352.53,76771668.0,85528831749.0,,,
2017-05-10,3337.7,92082628.0,102194980791.0,,,
2017-05-11,3356.65,109252890.0,111576379054.0,,,
2017-05-12,3385.38,93386466.0,97522124594.0,,,
2017-05-15,3399.19,82977611.0,92183332845.0,,,
2017-05-16,3428.65,105242416.0,112814103201.0,,,
2017-05-17,3409.97,99736837.0,110553451835.0,,,
2017-05-18,3398.11,85759589.0,88091166041.0,,,
2017-05-19,3403.85,71473525.0,78397081602.0,,,
2017-05-22,3411.24,92539559.0,99021121578.0,,,
2017-05-23,3424.19,116911033.0,126767856025.0,,,
2017-05-24,3424.17,83553161.0,92620045548.0,,,
2017-05-25,3485.66,130721631.0,136634020807.0,,,
2017-05-26,3480.43,103241153.0,112585907354.0,,,
2017-05-31,3492.88,104829745.0,115968724992.0,,,
2017-06-01,3497.74,103127724.0,116088766464.0,,,
2017-06-02,3486.51,82668009.0,92850745344.0,,,
2017-06-05,3468.75,79738153.0,85609467904.0,,,
2017-06-06,3492.88,64090000.0,77870000000.0,,,
2017-06-07,3533.87,104419968.0,124189290496.0,,,
2017-06-08,3560.98,90224906.0,112035618816.0,,,
2017-06-09,3576.17,101188265.0,121700585472.0,,,
2017-06-12,3574.39,90381166.0,117690802176.0,,,
2017-06-13,3582.27,75177139.0,94223085568.0,,,
2017-06-14,3535.3,83810783.0,106105319424.0,,,
2017-06-15,3528.79,82632535.0,106053902336.0,,,
2017-06-16,3518.76,76452708.0,91462287360.0,,,
2017-06-19,3553.67,79797140.0,98572357632.0,,,
2017-06-20,3546.49,80509560.0,98187595776.0,,,
2017-06-21,3587.96,87859825.0,117147795456.0,,,
2017-06-22,3590.34,135526986.0,169418805248.0,,,
2017-06-23,3622.88,105129134.0,133975113728.0,,,
2017-06-26,3668.09,134637996.0,170736840704.0,,,
2017-06-27,3674.72,97558702.0,123057229824.0,,,
2017-06-28,3646.17,97920858.0,124465946624.0,,,
2017-06-29,3668.83,85589499.0,111847268352.0,,,
2017-06-30,3666.8,81510029.0,102459981824.0,,,
2017-07-03,3650.85,88820859.0,115214688256.0,,,
2017-07-04,3619.98,95071414.0,125350416384.0,,,
2017-07-05,3659.68,88232425.0,120351563776.0,,,
2017-07-06,3660.1,102379246.0,132837126144.0,,,
2017-07-07,3655.93,103735498.0,123465392128.0,,,
2017-07-10,3653.69,120591910.0,141034627072.0,,,
2017-07-11,3670.81,118760827.0,145084362752.0,,,
2017-07-12,3658.82,122287793.0,143494598656.0,,,
2017-07-13,3686.92,125669550.0,146388680704.0,,,
2017-07-14,3703.09,105514004.0,121021448192.0,,,
2017-07-17,3663.56,178821601.0,196217253888.0,,,
2017-07-18,3667.18,124622057.0,141472284672.0,,,
2017-07-19,3729.75,182477788.0,198392451072.0,,,
2017-07-20,3747.88,142410040.0,169267150848.0,,,
2017-07-21,3728.6,117941225.0,141432631296.0,,,
2017-07-24,3743.47,134868723.0,154701873152.0,,,
2017-07-25,3719.56,121672059.0,133531656192.0,,,
2017-07-26,3705.39,136325210.0,146518003712.0,,,
2017-07-27,3712.19,145002903.0,161631223808.0,,,
2017-07-28,3721.89,111411392.0,125817860096.0,,,
2017-07-31,3737.87,148429038.0,160890134528.0,,,
2017-08-01,3770.38,152546540.0,173127577600.0,,,
2017-08-02,3760.85,172293384.0,189336784896.0,,,
2017-08-03,3727.83,146153943.0,164710461440.0,,,
2017-08-04,3707.58,157470060.0,168292663296.0,,,
2017-08-07,3726.79,124231529.0,134348537856.0,,,
2017-08-08,3732.21,137241928.0,146481868800.0,,,
2017-08-09,3731.04,124679990.0,137223598080.0,,,
2017-08-10,3715.92,130085128.0,148005171200.0,,,
2017-08-11,3647.35,150387420.0,161083469824.0,,,
2017-08-14,3694.68,115308452.0,140233895936.0,,,
2017-08-15,3706.06,106444856.0,124790632448.0,,,
2017-08-16,3701.42,104134141.0,127282167808.0,,,
2017-08-17,3721.28,108656251.0,137020002304.0,,,
2017-08-18,3724.67,96561705.0,123078164480.0,,,
2017-08-21,3740.99,100313073.0,123911716864.0,,,
2017-08-22,3752.3,100292856.0,131131076608.0,,,
2017-08-23,3756.09,104961572.0,124081156096.0,,,
2017-08-24,3734.65,89947372.0,107736018944.0,,,
2017-08-25,3795.75,129940900.0,150697082880.0,,,
2017-08-28,3842.71,185576325.0,236446281728.0,,,
2017-08-29,3834.54,128227069.0,158978682880.0,,,
2017-08-30,3834.3,141352858.0,166235123712.0,,,
2017-08-31,3822.09,132944934.0,157079216128.0,,,
2017-09-01,3830.54,158645512.0,182770434048.0,,,
2017-09-04,3845.62,149566321.0,175551070208.0,,,
2017-09-05,3857.05,124964155.0,145779757056.0,,,
2017-09-06,3849.45,131398723.0,155883315200.0,,,
2017-09-07,3829.87,123884180.0,156113395712.0,,,
2017-09-08,3825.99,106036503.0,134958583808.0,,,
2017-09-11,3825.65,123883996.0,154793902080.0,,,
2017-09-12,3837.93,144190241.0,187605311488.0,,,
2017-09-13,3842.61,95410785.0,126254362624.0,,,
2017-09-14,3829.96,115358584.0,143111639040.0,,,
2017-09-15,3831.3,122427005.0,153477214208.0,,,
2017-09-18,3843.14,117934405.0,152841027584.0,,,
2017-09-19,3832.12,112432988.0,145528459264.0,,,
2017-09-20,3842.44,101129541.0,135041884160.0,,,
2017-09-21,3837.82,111098191.0,144132894720.0,,,
2017-09-22,3837.73,100619802.0,128360894464.0,,,
2017-09-25,3817.79,103948977.0,135980240896.0,,,
2017-09-26,3820.78,81869407.0,101036335104.0,,,
2017-09-27,3821.2,85655811.0,109299490816.0,,,
2017-09-28,3822.54,93544069.0,115646337024.0,,,
2017-09-29,3836.5,93306028.0,116056776704.0,,,
2017-10-09,3882.21,135535852.0,171941462016.0,,,
2017-10-10,3889.86,112532585.0,157979738112.0,,,
2017-10-11,3902.69,104418150.0,144152739840.0,,,
2017-10-12,3912.95,94340920.0,123147247616.0,,,
2017-10-13,3921.0,90142067.0,114314854400.0,,,
2017-10-16,3913.45,121355034.0,150823755776.0,,,
2017-10-17,3913.07,82241226.0,106708451328.0,,,
2017-10-18,3944.16,100969841.0,126420381696.0,,,
2017-10-19,3931.25,106527252.0,133189857280.0,,,
2017-10-20,3926.85,72980180.0,94529638400.0,,,
2017-10-23,3930.8,81484979.0,100280909824.0,,,
2017-10-24,3959.4,93058153.0,120192151552.0,,,
2017-10-25,3976.95,88205458.0,106820308992.0,,,
2017-10-26,3993.58,129895465.0,170488619008.0,,,
2017-10-27,4021.97,126672847.0,152974831616.0,,,
2017-10-30,4009.72,157387602.0,193489838080.0,,,
2017-10-31,4006.72,109178780.0,142897205248.0,,,
2017-11-01,3996.62,130417380.0,166477139968.0,,,
2017-11-02,3997.13,126100580.0,151981363200.0,,,
2017-11-03,3992.7,129404439.0,158142058496.0,,,
2017-11-06,4020.89,122081160.0,158911860736.0,,,
2017-11-07,4054.25,152116664.0,193990975488.0,,,
2017-11-08,4048.01,150827720.0,200949739520.0,,,
2017-11-09,4075.9,121056335.0,159247200256.0,,,
2017-11-10,4111.91,141817165.0,198869835776.0,,,
2017-11-13,4128.07,151446308.0,205930795008.0,,,
2017-11-14,4099.35,143236936.0,199605010432.0,,,
2017-11-15,4073.67,120635697.0,177753075712.0,,,
2017-11-16,4105.01,121384415.0,172903882752.0,,,
2017-11-17,4120.85,191784120.0,253079314432.0,,,
2017-11-20,4143.83,137447258.0,191589638144.0,,,
2017-11-21,4217.7,180350820.0,253302198272.0,,,
2017-11-22,4227.57,186477002.0,254298361856.0,,,
2017-11-23,4102.4,178147228.0,237536706560.0,,,
2017-11-24,4104.2,130858040.0,182912192512.0,,,
2017-11-27,4049.95,143455268.0,183004553216.0,,,
2017-11-28,4055.82,102058094.0,135539646464.0,,,
2017-11-29,4053.75,124553641.0,165743341568.0,,,
2017-11-30,4006.1,107983345.0,145829949440.0,,,
2017-12-01,3998.14,97386913.0,136010928128.0,,,
2017-12-04,4018.86,102647219.0,138223054848.0,,,
2017-12-05,4040.17,154087076.0,196337659904.0,,,
2017-12-06,4015.82,109286205.0,144114954240.0,,,
2017-12-07,3971.06,90254044.0,119651201024.0,,,
2017-12-08,4003.38,89282862.0,124371230720.0,,,
2017-12-11,4069.5,97148946.0,148476588032.0,,,
2017-12-12,4016.02,84338719.0,123515183104.0,,,
2017-12-13,4050.09,77546130.0,115006382080.0,,,
2017-12-14,4026.15,80768863.0,115086946304.0,,,
2017-12-15,3980.86,89044388.0,118474145792.0,,,
2017-12-18,3985.29,77853376.0,111724351488.0,,,
2017-12-19,4035.33,77528986.0,115998203904.0,,,
2017-12-20,4030.49,90604503.0,126812876800.0,,,
2017-12-21,4067.85,96836088.0,137819521024.0,,,
2017-12-22,4054.6,73473684.0,104426496000.0,,,
2017-12-25,4041.54,91926963.0,129938837504.0,,,
2017-12-26,4053.62,91118789.0,119725101056.0,,,
2017-12-27,3991.21,105153577.0,140516909056.0,,,
2017-12-28,4018.9,118542886.0,153636696064.0,,,
2017-12-29,4030.85,90486684.0,121257037824.0,,,
